timestamp,station_id,actual_pm25,final_baseline_prediction,final_coupled_prediction
2026-01-10 22:00,Anand_Vihar,750.0,749.5762,750.81305
2026-01-10 23:00,Anand_Vihar,750.0,744.1369,742.06866
2026-01-11 00:00,Anand_Vihar,750.0,737.68896,743.56036
2026-01-11 01:00,Anand_Vihar,472.17,418.75027,406.93552
2026-01-11 02:00,Anand_Vihar,264.5,248.25339,260.7574
2026-01-11 03:00,Anand_Vihar,211.85,190.6986,191.60776
2026-01-11 04:00,Anand_Vihar,166.77,177.03609,183.81439
2026-01-11 05:00,Anand_Vihar,102.34,96.584755,98.66014
2026-01-11 06:00,Anand_Vihar,86.59,93.903694,93.66112
2026-01-11 07:00,Anand_Vihar,79.73,93.61456,93.0614
2026-01-11 08:00,Anand_Vihar,113.83,97.916626,97.9098
2026-01-11 09:00,Anand_Vihar,109.3,108.993805,110.846085
2026-01-11 10:00,Anand_Vihar,116.69,136.49155,135.95026
2026-01-11 11:00,Anand_Vihar,291.35,270.04474,258.85004
2026-01-11 12:00,Anand_Vihar,364.52,302.18674,303.3267
2026-01-11 13:00,Anand_Vihar,359.72,528.4138,560.0454
2026-01-11 14:00,Anand_Vihar,750.0,750.4248,755.51166
2026-01-11 15:00,Anand_Vihar,750.0,752.3886,750.7125
2026-01-11 16:00,Anand_Vihar,750.0,750.40436,749.19635
2026-01-11 17:00,Anand_Vihar,750.0,749.67993,749.9955
2026-01-11 18:00,Anand_Vihar,750.0,749.44543,748.66205
2026-01-11 19:00,Anand_Vihar,750.0,747.59705,747.916
2026-01-11 20:00,Anand_Vihar,750.0,739.68933,744.40936
2026-01-11 21:00,Anand_Vihar,750.0,721.27924,737.8886
2026-01-11 22:00,Anand_Vihar,750.0,749.5284,747.9232
2026-01-11 23:00,Anand_Vihar,750.0,752.07574,748.5229
2026-01-12 00:00,Anand_Vihar,750.0,740.0457,744.7385
2026-01-12 01:00,Anand_Vihar,373.55,482.50974,502.13446
2026-01-12 02:00,Anand_Vihar,290.43,248.69556,244.4105
2026-01-12 03:00,Anand_Vihar,183.81,198.2395,195.02846
2026-01-12 04:00,Anand_Vihar,227.98,164.96721,168.23372
2026-01-12 05:00,Anand_Vihar,116.33,91.81479,92.64079
2026-01-12 06:00,Anand_Vihar,101.67,89.49461,83.48318
2026-01-12 07:00,Anand_Vihar,95.87,87.71298,87.161545
2026-01-12 08:00,Anand_Vihar,96.12,94.87188,92.43271
2026-01-12 09:00,Anand_Vihar,95.63,105.34765,103.25931
2026-01-12 10:00,Anand_Vihar,121.09,124.31155,122.64367
2026-01-12 11:00,Anand_Vihar,223.74,254.44852,256.84634
2026-01-12 12:00,Anand_Vihar,454.67,278.41318,278.82642
2026-01-12 13:00,Anand_Vihar,370.44,564.30664,564.1276
2026-01-12 14:00,Anand_Vihar,750.0,722.63226,718.7282
2026-01-12 15:00,Anand_Vihar,750.0,753.53937,753.8779
2026-01-12 16:00,Anand_Vihar,750.0,749.371,749.6417
2026-01-12 17:00,Anand_Vihar,750.0,748.8837,750.06036
2026-01-12 18:00,Anand_Vihar,750.0,748.5265,749.36707
2026-01-12 19:00,Anand_Vihar,750.0,748.23706,732.34564
2026-01-12 20:00,Anand_Vihar,750.0,743.6975,747.8166
2026-01-12 21:00,Anand_Vihar,750.0,747.9721,740.2996
2026-01-12 22:00,Anand_Vihar,750.0,749.0927,748.5041
2026-01-12 23:00,Anand_Vihar,750.0,751.62506,751.52563
2026-01-13 00:00,Anand_Vihar,750.0,726.43616,718.11597
2026-01-13 01:00,Anand_Vihar,421.2,509.809,504.32022
2026-01-13 02:00,Anand_Vihar,241.58,239.00583,239.5381
2026-01-13 03:00,Anand_Vihar,200.35,204.10965,201.71379
2026-01-13 04:00,Anand_Vihar,171.11,175.04019,166.74295
2026-01-13 05:00,Anand_Vihar,127.87,88.87426,80.04961
2026-01-13 06:00,Anand_Vihar,81.99,87.43406,81.9843
2026-01-13 07:00,Anand_Vihar,79.02,91.77511,91.631386
2026-01-13 08:00,Anand_Vihar,89.65,97.877335,89.588905
2026-01-13 09:00,Anand_Vihar,111.0,108.99648,109.98141
2026-01-13 10:00,Anand_Vihar,136.36,129.72421,128.68895
2026-01-13 11:00,Anand_Vihar,336.29,260.77518,261.53873
2026-01-13 12:00,Anand_Vihar,363.14,304.9599,313.3413
2026-01-13 13:00,Anand_Vihar,468.54,511.50638,519.57605
2026-01-13 14:00,Anand_Vihar,750.0,747.394,743.76154
2026-01-13 15:00,Anand_Vihar,750.0,750.37067,750.266
2026-01-13 16:00,Anand_Vihar,750.0,749.6842,748.6828
2026-01-13 17:00,Anand_Vihar,750.0,749.7645,748.8435
2026-01-13 18:00,Anand_Vihar,750.0,745.20435,747.3375
2026-01-13 19:00,Anand_Vihar,750.0,749.42224,748.55945
2026-01-13 20:00,Anand_Vihar,750.0,751.41547,739.7218
2026-01-13 21:00,Anand_Vihar,750.0,749.1661,750.09564
2026-01-13 22:00,Anand_Vihar,750.0,753.1444,751.4861
2026-01-13 23:00,Anand_Vihar,750.0,742.8724,720.15656
2026-01-14 00:00,Anand_Vihar,750.0,751.36694,750.3015
2026-01-14 01:00,Anand_Vihar,591.86,549.31256,515.5267
2026-01-14 02:00,Anand_Vihar,195.99,257.1532,251.08273
2026-01-14 03:00,Anand_Vihar,172.09,209.19235,209.36998
2026-01-14 04:00,Anand_Vihar,139.31,168.44391,170.97916
2026-01-14 05:00,Anand_Vihar,86.93,100.45696,102.47481
2026-01-14 06:00,Anand_Vihar,92.45,93.02569,95.22547
2026-01-14 07:00,Anand_Vihar,105.79,92.27518,93.558136
2026-01-14 08:00,Anand_Vihar,129.65,98.31746,99.9537
2026-01-14 09:00,Anand_Vihar,107.33,101.7665,104.1688
2026-01-14 10:00,Anand_Vihar,116.35,135.29643,132.97835
2026-01-14 11:00,Anand_Vihar,270.0,257.6395,242.7424
2026-01-14 12:00,Anand_Vihar,370.59,319.92694,333.92383
2026-01-14 13:00,Anand_Vihar,371.32,457.45828,431.38522
2026-01-14 14:00,Anand_Vihar,750.0,738.0505,738.35114
2026-01-14 15:00,Anand_Vihar,750.0,763.9617,751.725
2026-01-14 16:00,Anand_Vihar,750.0,750.4463,747.95593
2026-01-14 17:00,Anand_Vihar,750.0,750.6839,750.5427
2026-01-14 18:00,Anand_Vihar,750.0,750.92505,750.7017
2026-01-14 19:00,Anand_Vihar,750.0,749.2877,747.1294
2026-01-14 20:00,Anand_Vihar,750.0,748.772,748.4954
2026-01-14 21:00,Anand_Vihar,750.0,749.31354,747.7492
2026-01-14 22:00,Anand_Vihar,750.0,748.89233,744.82776
2026-01-14 23:00,Anand_Vihar,750.0,751.1239,752.5779
2026-01-15 00:00,Anand_Vihar,750.0,741.2995,751.5961
2026-01-15 01:00,Anand_Vihar,604.79,499.99768,509.82788
2026-01-15 02:00,Anand_Vihar,216.33,248.43082,254.94199
2026-01-15 03:00,Anand_Vihar,243.26,191.51396,189.06993
2026-01-15 04:00,Anand_Vihar,196.04,166.43771,169.98502
2026-01-15 05:00,Anand_Vihar,90.88,109.10333,104.51029
2026-01-15 06:00,Anand_Vihar,81.87,86.832726,87.03903
2026-01-15 07:00,Anand_Vihar,113.14,92.53868,92.96137
2026-01-15 08:00,Anand_Vihar,104.66,98.69288,99.52048
2026-01-15 09:00,Anand_Vihar,119.49,108.96548,109.96113
2026-01-15 10:00,Anand_Vihar,118.27,133.95717,135.50813
2026-01-15 11:00,Anand_Vihar,216.22,252.77672,251.15831
2026-01-15 12:00,Anand_Vihar,283.22,345.92786,369.18472
2026-01-15 13:00,Anand_Vihar,711.59,442.79584,453.52914
2026-01-15 14:00,Anand_Vihar,750.0,752.3225,754.3767
2026-01-15 15:00,Anand_Vihar,750.0,751.8198,750.9447
2026-01-15 16:00,Anand_Vihar,750.0,750.54755,745.5497
2026-01-15 17:00,Anand_Vihar,750.0,749.54456,748.7477
2026-01-15 18:00,Anand_Vihar,750.0,750.13525,747.1501
2026-01-15 19:00,Anand_Vihar,750.0,749.1678,748.422
2026-01-15 20:00,Anand_Vihar,750.0,749.97205,742.22797
2026-01-15 21:00,Anand_Vihar,750.0,751.9588,750.365
2026-01-15 22:00,Anand_Vihar,750.0,750.608,749.1729
2026-01-15 23:00,Anand_Vihar,750.0,749.8001,749.111
2026-01-16 00:00,Anand_Vihar,750.0,755.21747,750.9029
2026-01-16 01:00,Anand_Vihar,584.44,477.5508,475.01923
2026-01-16 02:00,Anand_Vihar,229.48,245.54204,242.12201
2026-01-16 03:00,Anand_Vihar,212.69,201.83391,193.28145
2026-01-16 04:00,Anand_Vihar,195.51,160.73973,168.37556
2026-01-16 05:00,Anand_Vihar,96.44,97.88475,99.97658
2026-01-16 06:00,Anand_Vihar,82.32,76.875175,70.10483
2026-01-16 07:00,Anand_Vihar,122.27,94.81525,94.30612
2026-01-16 08:00,Anand_Vihar,128.12,98.77287,99.791435
2026-01-16 09:00,Anand_Vihar,110.54,105.13628,106.63066
2026-01-16 10:00,Anand_Vihar,112.69,130.21005,132.81004
2026-01-16 11:00,Anand_Vihar,295.8,240.2593,243.15598
2026-01-16 12:00,Anand_Vihar,284.86,341.78598,345.22095
2026-01-16 13:00,Anand_Vihar,395.74,495.1954,491.77942
2026-01-16 14:00,Anand_Vihar,750.0,752.86615,755.6453
2026-01-16 15:00,Anand_Vihar,750.0,751.2331,751.4605
2026-01-16 16:00,Anand_Vihar,750.0,751.76605,750.9909
2026-01-16 17:00,Anand_Vihar,750.0,748.9978,745.58356
2026-01-16 18:00,Anand_Vihar,750.0,747.89777,748.709
2026-01-16 19:00,Anand_Vihar,750.0,749.0869,748.21124
2026-01-16 20:00,Anand_Vihar,750.0,751.20996,743.5845
2026-01-16 21:00,Anand_Vihar,750.0,750.4768,749.4292
2026-01-16 22:00,Anand_Vihar,750.0,752.66315,751.48914
2026-01-16 23:00,Anand_Vihar,750.0,755.05927,750.7813
2026-01-17 00:00,Anand_Vihar,750.0,739.65546,742.0096
2026-01-17 01:00,Anand_Vihar,458.6,524.46204,539.9324
2026-01-17 02:00,Anand_Vihar,243.73,235.99106,238.76396
2026-01-17 03:00,Anand_Vihar,186.64,215.36377,194.89943
2026-01-17 04:00,Anand_Vihar,164.7,172.7576,170.46072
2026-01-17 05:00,Anand_Vihar,96.08,98.23424,96.94593
2026-01-17 06:00,Anand_Vihar,105.81,94.53067,95.92431
2026-01-17 07:00,Anand_Vihar,94.35,89.22777,88.92697
2026-01-17 08:00,Anand_Vihar,91.41,94.24577,91.56898
2026-01-17 09:00,Anand_Vihar,92.16,110.72596,104.424355
2026-01-17 10:00,Anand_Vihar,115.0,123.317055,125.43663
2026-01-17 11:00,Anand_Vihar,180.36,258.90417,260.89487
2026-01-17 12:00,Anand_Vihar,439.02,309.96298,321.70047
2026-01-17 13:00,Anand_Vihar,403.08,514.6021,534.9471
2026-01-17 14:00,Anand_Vihar,750.0,750.82196,750.3403
2026-01-17 15:00,Anand_Vihar,750.0,751.8084,751.6508
2026-01-17 16:00,Anand_Vihar,750.0,748.93585,747.8061
2026-01-17 17:00,Anand_Vihar,750.0,748.5574,748.8205
2026-01-17 18:00,Anand_Vihar,750.0,749.82324,748.5057
2026-01-17 19:00,Anand_Vihar,750.0,748.3517,743.3698
2026-01-17 20:00,Anand_Vihar,750.0,749.92584,749.6015
2026-01-17 21:00,Anand_Vihar,750.0,740.86566,750.0939
2026-01-17 22:00,Anand_Vihar,750.0,748.8897,746.90094
2026-01-17 23:00,Anand_Vihar,750.0,749.86676,750.3836
2026-01-18 00:00,Anand_Vihar,750.0,739.73584,725.82367
2026-01-18 01:00,Anand_Vihar,534.65,465.7251,471.5213
2026-01-18 02:00,Anand_Vihar,283.73,234.50398,234.15286
2026-01-18 03:00,Anand_Vihar,191.31,202.31842,196.40254
2026-01-18 04:00,Anand_Vihar,194.88,164.32695,168.66313
2026-01-18 05:00,Anand_Vihar,89.74,95.29603,90.33813
2026-01-18 06:00,Anand_Vihar,98.58,86.168976,88.16497
2026-01-18 07:00,Anand_Vihar,89.61,90.23264,88.02207
2026-01-18 08:00,Anand_Vihar,109.33,99.847694,100.34659
2026-01-18 09:00,Anand_Vihar,97.16,111.1456,110.98212
2026-01-18 10:00,Anand_Vihar,155.97,137.9619,136.82722
2026-01-18 11:00,Anand_Vihar,336.47,269.23517,271.833
2026-01-18 12:00,Anand_Vihar,287.26,318.34232,314.6867
2026-01-18 13:00,Anand_Vihar,389.23,519.6753,522.76044
2026-01-18 14:00,Anand_Vihar,750.0,753.15137,751.48364
2026-01-18 15:00,Anand_Vihar,750.0,751.8697,750.6846
2026-01-18 16:00,Anand_Vihar,750.0,750.4886,749.4196
2026-01-18 17:00,Anand_Vihar,750.0,749.6769,748.68036
2026-01-18 18:00,Anand_Vihar,750.0,749.8135,748.1172
2026-01-18 19:00,Anand_Vihar,750.0,750.1741,749.4261
2026-01-18 20:00,Anand_Vihar,750.0,751.4127,737.1823
2026-01-18 21:00,Anand_Vihar,750.0,748.92377,751.22736
2026-01-18 22:00,Anand_Vihar,750.0,749.76636,751.31537
2026-01-18 23:00,Anand_Vihar,750.0,734.80334,708.5708
2026-01-19 00:00,Anand_Vihar,750.0,747.3566,756.15814
2026-01-19 01:00,Anand_Vihar,580.42,532.8483,520.48706
2026-01-19 02:00,Anand_Vihar,329.58,267.38492,270.5974
2026-01-19 03:00,Anand_Vihar,160.52,199.29851,207.8976
2026-01-19 04:00,Anand_Vihar,192.18,183.07922,176.79837
2026-01-19 05:00,Anand_Vihar,104.52,98.83229,92.76927
2026-01-19 06:00,Anand_Vihar,87.45,93.510124,95.035774
2026-01-19 07:00,Anand_Vihar,113.23,92.09725,91.44607
2026-01-19 08:00,Anand_Vihar,108.87,97.68817,97.6815
2026-01-19 09:00,Anand_Vihar,92.47,107.43099,110.284355
2026-01-19 10:00,Anand_Vihar,122.27,135.3136,137.54959
2026-01-19 11:00,Anand_Vihar,315.09,253.50189,257.2622
2026-01-19 12:00,Anand_Vihar,334.11,351.4029,325.5791
2026-01-19 13:00,Anand_Vihar,411.48,552.7009,570.0127
2026-01-19 14:00,Anand_Vihar,750.0,729.61316,728.0871
2026-01-19 15:00,Anand_Vihar,750.0,751.8604,751.72174
2026-01-19 16:00,Anand_Vihar,750.0,750.605,749.29193
2026-01-19 17:00,Anand_Vihar,750.0,749.3112,748.0226
2026-01-19 18:00,Anand_Vihar,750.0,750.1534,747.63464
2026-01-19 19:00,Anand_Vihar,750.0,748.273,748.73883
2026-01-19 20:00,Anand_Vihar,750.0,739.89825,745.53625
2026-01-19 21:00,Anand_Vihar,750.0,751.696,751.1484
2026-01-19 22:00,Anand_Vihar,750.0,745.01764,747.59436
2026-01-19 23:00,Anand_Vihar,750.0,749.0922,746.9604
2026-01-20 00:00,Anand_Vihar,750.0,741.9831,753.02856
2026-01-20 01:00,Anand_Vihar,362.39,521.6361,532.79236
2026-01-20 02:00,Anand_Vihar,313.4,213.15216,218.54839
2026-01-20 03:00,Anand_Vihar,214.77,199.54095,194.51859
2026-01-20 04:00,Anand_Vihar,173.33,174.31317,175.98668
2026-01-20 05:00,Anand_Vihar,128.6,97.39942,95.22088
2026-01-20 06:00,Anand_Vihar,73.62,92.69848,94.33888
2026-01-20 07:00,Anand_Vihar,74.62,89.518814,87.61688
2026-01-20 08:00,Anand_Vihar,138.43,96.55979,94.49306
2026-01-20 09:00,Anand_Vihar,96.36,110.095474,111.86874
2026-01-20 10:00,Anand_Vihar,117.87,137.4508,137.8184
2026-01-20 11:00,Anand_Vihar,231.95,257.69223,248.36435
2026-01-20 12:00,Anand_Vihar,224.19,328.75507,306.3032
2026-01-20 13:00,Anand_Vihar,387.93,528.49646,499.54495
2026-01-20 14:00,Anand_Vihar,750.0,723.28937,711.86456
2026-01-20 15:00,Anand_Vihar,750.0,765.8165,750.4685
2026-01-20 16:00,Anand_Vihar,750.0,749.8155,749.983
2026-01-20 17:00,Anand_Vihar,750.0,748.6205,750.853
2026-01-20 18:00,Anand_Vihar,750.0,749.42615,748.6771
2026-01-20 19:00,Anand_Vihar,750.0,744.2143,749.3812
2026-01-20 20:00,Anand_Vihar,750.0,749.9404,749.30066
2026-01-20 21:00,Anand_Vihar,750.0,748.1049,748.2716
2026-01-20 22:00,Anand_Vihar,750.0,748.92926,751.36194
2026-01-20 23:00,Anand_Vihar,750.0,750.16626,753.3641
2026-01-21 00:00,Anand_Vihar,750.0,744.1335,738.67816
2026-01-21 01:00,Anand_Vihar,428.67,497.42502,488.55603
2026-01-21 02:00,Anand_Vihar,277.79,222.86429,220.62245
2026-01-21 03:00,Anand_Vihar,187.61,191.92435,186.86656
2026-01-21 04:00,Anand_Vihar,150.36,152.91476,150.80687
2026-01-21 05:00,Anand_Vihar,82.09,90.34328,90.450905
2026-01-21 06:00,Anand_Vihar,96.08,85.59597,87.338646
2026-01-21 07:00,Anand_Vihar,113.66,89.1101,88.48001
2026-01-21 08:00,Anand_Vihar,66.77,92.12118,91.52284
2026-01-21 09:00,Anand_Vihar,106.6,105.12972,105.10098
2026-01-21 10:00,Anand_Vihar,156.41,123.66872,119.029106
2026-01-21 11:00,Anand_Vihar,228.12,240.20131,252.2555
2026-01-21 12:00,Anand_Vihar,297.43,290.2277,287.94296
2026-01-21 13:00,Anand_Vihar,352.24,581.74927,551.08344
2026-01-21 14:00,Anand_Vihar,750.0,765.79126,746.93463
2026-01-21 15:00,Anand_Vihar,750.0,752.6607,753.0725
2026-01-21 16:00,Anand_Vihar,750.0,749.5497,748.18365
2026-01-21 17:00,Anand_Vihar,750.0,749.34625,748.7034
2026-01-21 18:00,Anand_Vihar,750.0,749.74713,749.31024
2026-01-21 19:00,Anand_Vihar,750.0,747.6701,753.06683
2026-01-21 20:00,Anand_Vihar,750.0,750.93896,750.9179
2026-01-21 21:00,Anand_Vihar,750.0,750.3617,749.2609
2026-01-21 22:00,Anand_Vihar,750.0,738.5307,748.8287
2026-01-21 23:00,Anand_Vihar,750.0,755.6702,743.0991
2026-01-22 00:00,Anand_Vihar,750.0,749.27,743.86206
2026-01-22 01:00,Anand_Vihar,455.72,484.22034,485.07867
2026-01-22 02:00,Anand_Vihar,297.92,211.56348,217.99677
2026-01-22 03:00,Anand_Vihar,167.54,200.81668,194.65372
2026-01-22 04:00,Anand_Vihar,195.42,158.1205,156.332
2026-01-22 05:00,Anand_Vihar,101.72,96.99182,94.8808
2026-01-22 06:00,Anand_Vihar,93.63,85.83405,83.16835
2026-01-22 07:00,Anand_Vihar,104.79,87.61887,87.479095
2026-01-22 08:00,Anand_Vihar,105.26,93.673546,92.580376
2026-01-22 09:00,Anand_Vihar,108.67,106.329994,105.84062
2026-01-22 10:00,Anand_Vihar,110.41,118.494865,124.395
2026-01-22 11:00,Anand_Vihar,185.8,246.91241,253.63826
2026-01-22 12:00,Anand_Vihar,264.53,335.8155,288.33524
2026-01-22 13:00,Anand_Vihar,433.13,551.76276,578.6971
2026-01-22 14:00,Anand_Vihar,750.0,739.21625,736.9412
2026-01-22 15:00,Anand_Vihar,750.0,750.4688,750.7135
2026-01-22 16:00,Anand_Vihar,750.0,749.7642,747.438
2026-01-22 17:00,Anand_Vihar,750.0,748.9426,742.8319
2026-01-22 18:00,Anand_Vihar,750.0,750.11945,749.1748
2026-01-22 19:00,Anand_Vihar,750.0,749.05054,747.8211
2026-01-22 20:00,Anand_Vihar,750.0,750.51917,741.6396
2026-01-22 21:00,Anand_Vihar,750.0,750.8918,747.7315
2026-01-22 22:00,Anand_Vihar,750.0,748.6895,748.4134
2026-01-22 23:00,Anand_Vihar,750.0,749.422,746.89087
2026-01-23 00:00,Anand_Vihar,750.0,724.9792,728.95685
2026-01-23 01:00,Anand_Vihar,371.01,472.9965,474.0218
2026-01-23 02:00,Anand_Vihar,194.19,231.81076,239.76207
2026-01-23 03:00,Anand_Vihar,187.85,203.50648,194.89497
2026-01-23 04:00,Anand_Vihar,162.39,161.07411,164.56743
2026-01-23 05:00,Anand_Vihar,116.78,97.845955,95.164894
2026-01-23 06:00,Anand_Vihar,108.25,86.89878,85.08379
2026-01-23 07:00,Anand_Vihar,90.65,87.84937,88.45466
2026-01-23 08:00,Anand_Vihar,115.36,98.83621,94.60587
2026-01-23 09:00,Anand_Vihar,90.52,104.70237,105.014435
2026-01-23 10:00,Anand_Vihar,87.7,112.34883,107.86632
2026-01-23 11:00,Anand_Vihar,291.84,217.38121,216.60777
2026-01-23 12:00,Anand_Vihar,370.53,284.93634,285.61612
2026-01-23 13:00,Anand_Vihar,521.01,562.50336,576.9874
2026-01-23 14:00,Anand_Vihar,750.0,756.98694,753.31665
2026-01-23 15:00,Anand_Vihar,750.0,750.0406,747.58734
2026-01-23 16:00,Anand_Vihar,750.0,747.83124,745.5234
2026-01-23 17:00,Anand_Vihar,750.0,748.62585,748.48303
2026-01-23 18:00,Anand_Vihar,750.0,744.7881,747.5798
2026-01-23 19:00,Anand_Vihar,750.0,748.9446,748.49756
2026-01-23 20:00,Anand_Vihar,750.0,740.2536,739.20355
2026-01-23 21:00,Anand_Vihar,750.0,749.69604,751.4906
2026-01-23 22:00,Anand_Vihar,750.0,735.8136,743.6282
2026-01-23 23:00,Anand_Vihar,750.0,753.0458,738.7481
2026-01-24 00:00,Anand_Vihar,750.0,741.0189,745.8244
2026-01-24 01:00,Anand_Vihar,407.89,436.0611,454.90643
2026-01-24 02:00,Anand_Vihar,218.82,236.92967,234.22649
2026-01-24 03:00,Anand_Vihar,212.95,190.5864,172.3338
2026-01-24 04:00,Anand_Vihar,139.87,163.57169,165.15346
2026-01-24 05:00,Anand_Vihar,71.3,90.553856,92.946846
2026-01-24 06:00,Anand_Vihar,77.43,91.71171,87.4775
2026-01-24 07:00,Anand_Vihar,110.85,89.58854,86.75423
2026-01-24 08:00,Anand_Vihar,94.21,97.75238,99.56502
2026-01-24 09:00,Anand_Vihar,110.86,109.084656,110.02403
2026-01-24 10:00,Anand_Vihar,158.88,139.19376,142.42381
2026-01-24 11:00,Anand_Vihar,197.95,268.34503,279.68625
2026-01-24 12:00,Anand_Vihar,278.81,347.3285,352.6841
2026-01-24 13:00,Anand_Vihar,396.1,465.13025,451.00104
2026-01-24 14:00,Anand_Vihar,750.0,751.82544,754.5227
2026-01-24 15:00,Anand_Vihar,750.0,752.8614,749.13116
2026-01-24 16:00,Anand_Vihar,750.0,738.71954,745.84155
2026-01-24 17:00,Anand_Vihar,750.0,750.21893,750.0912
2026-01-24 18:00,Anand_Vihar,750.0,749.7952,748.91785
2026-01-24 19:00,Anand_Vihar,750.0,747.66223,747.50024
2026-01-24 20:00,Anand_Vihar,750.0,749.5759,748.7758
2026-01-24 21:00,Anand_Vihar,750.0,749.13214,751.4269
2026-01-24 22:00,Anand_Vihar,750.0,751.7046,754.5904
2026-01-24 23:00,Anand_Vihar,750.0,750.6129,747.2392
2026-01-25 00:00,Anand_Vihar,750.0,743.73987,739.80066
2026-01-25 01:00,Anand_Vihar,447.97,444.9203,448.63043
2026-01-25 02:00,Anand_Vihar,234.62,227.84111,227.76782
2026-01-25 03:00,Anand_Vihar,163.88,195.75111,197.27058
2026-01-25 04:00,Anand_Vihar,141.79,153.08514,156.96255
2026-01-25 05:00,Anand_Vihar,87.1,93.00251,96.35913
2026-01-25 06:00,Anand_Vihar,91.53,86.56166,87.11867
2026-01-25 07:00,Anand_Vihar,82.07,86.924614,86.8794
2026-01-25 08:00,Anand_Vihar,103.52,91.51349,86.80179
2026-01-25 09:00,Anand_Vihar,107.56,101.572365,99.63421
2026-01-25 10:00,Anand_Vihar,112.53,111.95977,117.08545
2026-01-25 11:00,Anand_Vihar,191.39,229.5059,222.07347
2026-01-25 12:00,Anand_Vihar,312.43,306.65823,311.39127
2026-01-25 13:00,Anand_Vihar,615.38,576.49274,559.91266
2026-01-25 14:00,Anand_Vihar,750.0,751.17126,755.1176
2026-01-25 15:00,Anand_Vihar,750.0,751.4938,750.3455
2026-01-25 16:00,Anand_Vihar,750.0,752.4388,748.9035
2026-01-25 17:00,Anand_Vihar,750.0,750.37964,750.36755
2026-01-25 18:00,Anand_Vihar,750.0,748.7684,747.6917
2026-01-25 19:00,Anand_Vihar,750.0,747.1156,747.8719
2026-01-25 20:00,Anand_Vihar,750.0,750.8768,751.363
2026-01-25 21:00,Anand_Vihar,750.0,750.8068,749.11224
2026-01-25 22:00,Anand_Vihar,750.0,750.1247,751.0783
2026-01-25 23:00,Anand_Vihar,648.96,749.48126,746.8631
2026-01-26 00:00,Anand_Vihar,750.0,731.8289,737.6499
2026-01-26 01:00,Anand_Vihar,665.93,367.9951,374.98737
2026-01-26 02:00,Anand_Vihar,297.85,205.7539,224.69759
2026-01-26 03:00,Anand_Vihar,168.28,164.80775,167.1777
2026-01-26 04:00,Anand_Vihar,179.54,167.19272,171.28491
2026-01-26 05:00,Anand_Vihar,89.16,86.58148,90.59214
2026-01-26 06:00,Anand_Vihar,106.2,85.98047,88.37468
2026-01-26 07:00,Anand_Vihar,103.47,92.7512,91.647194
2026-01-26 08:00,Anand_Vihar,115.91,98.38869,99.141884
2026-01-26 09:00,Anand_Vihar,108.28,104.01324,105.28737
2026-01-26 10:00,Anand_Vihar,135.7,131.09956,132.98657
2026-01-26 11:00,Anand_Vihar,256.67,286.8026,328.72806
2026-01-26 12:00,Anand_Vihar,332.58,361.84354,328.84982
2026-01-26 13:00,Anand_Vihar,398.95,557.59436,527.9315
2026-01-26 14:00,Anand_Vihar,750.0,734.35156,738.1758
2026-01-26 15:00,Anand_Vihar,750.0,751.6457,751.6147
2026-01-26 16:00,Anand_Vihar,750.0,749.76764,748.0518
2026-01-26 17:00,Anand_Vihar,750.0,749.5679,750.948
2026-01-26 18:00,Anand_Vihar,750.0,749.67804,748.5737
2026-01-26 19:00,Anand_Vihar,750.0,748.97003,748.1832
2026-01-26 20:00,Anand_Vihar,750.0,749.4213,749.6328
2026-01-26 21:00,Anand_Vihar,750.0,749.2638,749.1278
2026-01-26 22:00,Anand_Vihar,750.0,753.8977,751.3691
2026-01-26 23:00,Anand_Vihar,750.0,750.14465,748.41974
2026-01-27 00:00,Anand_Vihar,750.0,751.27954,754.8092
2026-01-27 01:00,Anand_Vihar,353.18,538.7773,544.0417
2026-01-27 02:00,Anand_Vihar,224.06,253.26204,250.52486
2026-01-27 03:00,Anand_Vihar,181.39,205.16673,202.20242
2026-01-27 04:00,Anand_Vihar,154.14,163.21436,171.2602
2026-01-27 05:00,Anand_Vihar,69.69,98.81193,103.8097
2026-01-27 06:00,Anand_Vihar,91.38,96.01082,92.02176
2026-01-27 07:00,Anand_Vihar,83.11,86.97937,86.94332
2026-01-27 08:00,Anand_Vihar,119.43,93.03275,93.69219
2026-01-27 09:00,Anand_Vihar,96.13,105.6458,106.607635
2026-01-27 10:00,Anand_Vihar,122.12,121.94763,124.71723
2026-01-27 11:00,Anand_Vihar,240.36,237.9172,253.55283
2026-01-27 12:00,Anand_Vihar,334.49,318.54248,343.12396
2026-01-27 13:00,Anand_Vihar,463.36,539.7186,572.10394
2026-01-27 14:00,Anand_Vihar,750.0,749.8982,750.0184
2026-01-27 15:00,Anand_Vihar,750.0,751.18585,755.57635
2026-01-27 16:00,Anand_Vihar,750.0,751.4893,750.449
2026-01-27 17:00,Anand_Vihar,750.0,747.54486,748.3616
2026-01-27 18:00,Anand_Vihar,750.0,751.2191,750.4143
2026-01-27 19:00,Anand_Vihar,750.0,747.9865,748.5132
2026-01-27 20:00,Anand_Vihar,750.0,751.05927,750.9619
2026-01-27 21:00,Anand_Vihar,750.0,750.5825,754.6268
2026-01-27 22:00,Anand_Vihar,750.0,745.9066,744.4491
2026-01-27 23:00,Anand_Vihar,750.0,750.9197,752.8224
2026-01-28 00:00,Anand_Vihar,750.0,745.8639,744.15643
2026-01-28 01:00,Anand_Vihar,379.87,432.55032,427.4233
2026-01-28 02:00,Anand_Vihar,299.17,219.67339,224.15219
2026-01-28 03:00,Anand_Vihar,186.69,204.52023,201.55125
2026-01-28 04:00,Anand_Vihar,172.29,146.15308,149.80112
2026-01-28 05:00,Anand_Vihar,104.7,87.30554,87.24038
2026-01-28 06:00,Anand_Vihar,108.58,82.158844,85.23514
2026-01-28 07:00,Anand_Vihar,99.54,86.70389,88.28422
2026-01-28 08:00,Anand_Vihar,103.92,94.03098,93.40669
2026-01-28 09:00,Anand_Vihar,134.09,100.26107,105.09789
2026-01-28 10:00,Anand_Vihar,123.7,121.14747,125.44714
2026-01-28 11:00,Anand_Vihar,316.08,249.03143,243.92274
2026-01-28 12:00,Anand_Vihar,297.54,291.73657,294.9495
2026-01-28 13:00,Anand_Vihar,457.68,611.0646,592.583
2026-01-28 14:00,Anand_Vihar,750.0,750.9268,743.382
2026-01-28 15:00,Anand_Vihar,750.0,750.942,751.11914
2026-01-28 16:00,Anand_Vihar,750.0,749.3197,748.3116
2026-01-28 17:00,Anand_Vihar,750.0,750.38654,749.6701
2026-01-10 22:00,Mandir_Marg,750.0,721.67786,744.4328
2026-01-10 23:00,Mandir_Marg,750.0,737.0022,735.19293
2026-01-11 00:00,Mandir_Marg,750.0,666.4341,659.28436
2026-01-11 01:00,Mandir_Marg,383.15,349.23865,334.91138
2026-01-11 02:00,Mandir_Marg,181.72,197.5238,191.43166
2026-01-11 03:00,Mandir_Marg,172.67,146.326,143.12373
2026-01-11 04:00,Mandir_Marg,126.22,127.64307,128.80792
2026-01-11 05:00,Mandir_Marg,68.05,72.746185,65.565796
2026-01-11 06:00,Mandir_Marg,74.03,66.544174,65.33401
2026-01-11 07:00,Mandir_Marg,57.95,67.590866,68.144104
2026-01-11 08:00,Mandir_Marg,60.18,72.054276,72.350815
2026-01-11 09:00,Mandir_Marg,84.66,77.9293,80.16942
2026-01-11 10:00,Mandir_Marg,103.01,92.950386,92.07765
2026-01-11 11:00,Mandir_Marg,208.31,186.89877,175.1416
2026-01-11 12:00,Mandir_Marg,284.94,236.19557,229.34042
2026-01-11 13:00,Mandir_Marg,488.73,415.45312,409.12607
2026-01-11 14:00,Mandir_Marg,750.0,744.8777,777.5474
2026-01-11 15:00,Mandir_Marg,750.0,752.2256,754.7413
2026-01-11 16:00,Mandir_Marg,750.0,737.66785,736.1616
2026-01-11 17:00,Mandir_Marg,750.0,741.523,734.62695
2026-01-11 18:00,Mandir_Marg,750.0,740.84045,739.041
2026-01-11 19:00,Mandir_Marg,750.0,733.3944,700.7006
2026-01-11 20:00,Mandir_Marg,750.0,749.64056,750.16254
2026-01-11 21:00,Mandir_Marg,750.0,748.61554,745.86597
2026-01-11 22:00,Mandir_Marg,750.0,736.7192,729.13934
2026-01-11 23:00,Mandir_Marg,750.0,749.182,751.05743
2026-01-12 00:00,Mandir_Marg,670.93,728.4898,734.9766
2026-01-12 01:00,Mandir_Marg,289.92,389.13504,396.11932
2026-01-12 02:00,Mandir_Marg,166.8,208.11964,204.02252
2026-01-12 03:00,Mandir_Marg,151.72,155.40695,153.98212
2026-01-12 04:00,Mandir_Marg,135.65,140.91501,135.20384
2026-01-12 05:00,Mandir_Marg,66.19,82.48426,82.40961
2026-01-12 06:00,Mandir_Marg,59.77,75.48224,79.11043
2026-01-12 07:00,Mandir_Marg,66.4,76.03931,73.79326
2026-01-12 08:00,Mandir_Marg,62.45,79.88054,81.46007
2026-01-12 09:00,Mandir_Marg,88.28,88.42002,86.08351
2026-01-12 10:00,Mandir_Marg,108.64,103.498055,98.59366
2026-01-12 11:00,Mandir_Marg,199.89,187.62558,184.83757
2026-01-12 12:00,Mandir_Marg,232.46,275.089,270.64417
2026-01-12 13:00,Mandir_Marg,442.4,409.37344,432.7925
2026-01-12 14:00,Mandir_Marg,750.0,748.08044,748.4123
2026-01-12 15:00,Mandir_Marg,750.0,753.5046,747.4231
2026-01-12 16:00,Mandir_Marg,750.0,745.4936,743.4654
2026-01-12 17:00,Mandir_Marg,685.98,744.0492,742.9426
2026-01-12 18:00,Mandir_Marg,750.0,741.3963,743.462
2026-01-12 19:00,Mandir_Marg,612.07,739.54443,741.98193
2026-01-12 20:00,Mandir_Marg,750.0,743.98926,742.31476
2026-01-12 21:00,Mandir_Marg,750.0,741.65967,745.50024
2026-01-12 22:00,Mandir_Marg,750.0,741.79486,743.2455
2026-01-12 23:00,Mandir_Marg,750.0,738.0809,743.3403
2026-01-13 00:00,Mandir_Marg,750.0,659.28876,659.35876
2026-01-13 01:00,Mandir_Marg,316.11,340.95465,335.10422
2026-01-13 02:00,Mandir_Marg,175.69,193.36057,199.15529
2026-01-13 03:00,Mandir_Marg,174.69,160.09457,159.93918
2026-01-13 04:00,Mandir_Marg,123.26,128.54161,129.0797
2026-01-13 05:00,Mandir_Marg,61.67,81.40023,83.938484
2026-01-13 06:00,Mandir_Marg,63.67,65.66453,67.50183
2026-01-13 07:00,Mandir_Marg,77.11,70.27211,70.27862
2026-01-13 08:00,Mandir_Marg,87.71,75.784225,75.071335
2026-01-13 09:00,Mandir_Marg,55.61,81.64566,81.837105
2026-01-13 10:00,Mandir_Marg,83.11,101.388306,97.82988
2026-01-13 11:00,Mandir_Marg,191.71,187.1998,167.30547
2026-01-13 12:00,Mandir_Marg,201.75,260.92822,252.67543
2026-01-13 13:00,Mandir_Marg,280.47,382.03406,379.4329
2026-01-13 14:00,Mandir_Marg,750.0,745.2332,748.1509
2026-01-13 15:00,Mandir_Marg,750.0,742.9382,751.58545
2026-01-13 16:00,Mandir_Marg,750.0,739.95325,736.38824
2026-01-13 17:00,Mandir_Marg,743.78,740.5748,741.60455
2026-01-13 18:00,Mandir_Marg,750.0,739.0884,741.3089
2026-01-13 19:00,Mandir_Marg,750.0,736.6521,733.56024
2026-01-13 20:00,Mandir_Marg,750.0,746.2031,742.18274
2026-01-13 21:00,Mandir_Marg,750.0,743.4534,745.57465
2026-01-13 22:00,Mandir_Marg,750.0,736.19934,728.90784
2026-01-13 23:00,Mandir_Marg,750.0,738.5342,737.432
2026-01-14 00:00,Mandir_Marg,750.0,715.1536,731.36523
2026-01-14 01:00,Mandir_Marg,362.78,342.37878,351.65656
2026-01-14 02:00,Mandir_Marg,206.81,177.0719,180.3258
2026-01-14 03:00,Mandir_Marg,133.85,136.19003,133.27837
2026-01-14 04:00,Mandir_Marg,91.18,112.30738,109.10418
2026-01-14 05:00,Mandir_Marg,62.35,79.65365,72.06813
2026-01-14 06:00,Mandir_Marg,73.44,66.53953,73.831505
2026-01-14 07:00,Mandir_Marg,70.64,65.764206,64.4329
2026-01-14 08:00,Mandir_Marg,75.29,71.73214,69.45914
2026-01-14 09:00,Mandir_Marg,99.93,76.70271,76.47242
2026-01-14 10:00,Mandir_Marg,86.9,103.32867,104.178734
2026-01-14 11:00,Mandir_Marg,200.51,198.77974,181.71272
2026-01-14 12:00,Mandir_Marg,334.22,263.0008,257.63525
2026-01-14 13:00,Mandir_Marg,310.96,379.54187,357.5026
2026-01-14 14:00,Mandir_Marg,750.0,733.44183,740.4156
2026-01-14 15:00,Mandir_Marg,750.0,739.1076,739.67883
2026-01-14 16:00,Mandir_Marg,750.0,745.8674,744.8365
2026-01-14 17:00,Mandir_Marg,750.0,743.87683,744.1422
2026-01-14 18:00,Mandir_Marg,750.0,749.2617,747.7396
2026-01-14 19:00,Mandir_Marg,750.0,755.8348,740.6794
2026-01-14 20:00,Mandir_Marg,750.0,747.2445,746.3328
2026-01-14 21:00,Mandir_Marg,750.0,748.45044,747.22046
2026-01-14 22:00,Mandir_Marg,750.0,745.25134,743.4012
2026-01-14 23:00,Mandir_Marg,750.0,745.5437,743.2129
2026-01-15 00:00,Mandir_Marg,750.0,707.9089,714.1679
2026-01-15 01:00,Mandir_Marg,345.19,370.53488,380.43384
2026-01-15 02:00,Mandir_Marg,244.23,197.69302,190.54376
2026-01-15 03:00,Mandir_Marg,138.05,152.14418,150.07474
2026-01-15 04:00,Mandir_Marg,125.77,139.31532,141.82475
2026-01-15 05:00,Mandir_Marg,61.16,78.04424,79.82905
2026-01-15 06:00,Mandir_Marg,60.43,72.48538,72.86267
2026-01-15 07:00,Mandir_Marg,69.24,73.39954,73.25407
2026-01-15 08:00,Mandir_Marg,83.62,78.328064,79.40545
2026-01-15 09:00,Mandir_Marg,53.17,90.30662,87.68547
2026-01-15 10:00,Mandir_Marg,73.43,103.459335,102.5667
2026-01-15 11:00,Mandir_Marg,242.98,204.63605,208.33513
2026-01-15 12:00,Mandir_Marg,274.13,276.37283,276.33536
2026-01-15 13:00,Mandir_Marg,519.62,380.23645,403.19302
2026-01-15 14:00,Mandir_Marg,750.0,750.69165,753.86725
2026-01-15 15:00,Mandir_Marg,750.0,749.70294,747.6837
2026-01-15 16:00,Mandir_Marg,750.0,713.37213,714.62726
2026-01-15 17:00,Mandir_Marg,750.0,747.9722,743.6492
2026-01-15 18:00,Mandir_Marg,750.0,734.8653,746.093
2026-01-15 19:00,Mandir_Marg,750.0,747.9036,739.17676
2026-01-15 20:00,Mandir_Marg,705.35,750.4344,748.43774
2026-01-15 21:00,Mandir_Marg,750.0,749.9554,749.0346
2026-01-15 22:00,Mandir_Marg,750.0,751.19434,746.5881
2026-01-15 23:00,Mandir_Marg,750.0,748.9264,748.3454
2026-01-16 00:00,Mandir_Marg,750.0,713.3707,723.81177
2026-01-16 01:00,Mandir_Marg,393.63,400.3566,375.51904
2026-01-16 02:00,Mandir_Marg,170.47,201.6567,206.29877
2026-01-16 03:00,Mandir_Marg,167.88,157.8701,155.88579
2026-01-16 04:00,Mandir_Marg,87.14,134.99622,132.26138
2026-01-16 05:00,Mandir_Marg,87.02,83.18641,82.31564
2026-01-16 06:00,Mandir_Marg,54.32,75.917206,80.14153
2026-01-16 07:00,Mandir_Marg,58.96,75.70786,76.76516
2026-01-16 08:00,Mandir_Marg,95.9,78.03524,79.1201
2026-01-16 09:00,Mandir_Marg,78.77,85.02485,84.37591
2026-01-16 10:00,Mandir_Marg,120.22,101.82575,97.5617
2026-01-16 11:00,Mandir_Marg,179.37,207.26495,209.71303
2026-01-16 12:00,Mandir_Marg,186.26,267.48126,267.65738
2026-01-16 13:00,Mandir_Marg,337.18,357.41455,353.61215
2026-01-16 14:00,Mandir_Marg,750.0,758.2825,755.13495
2026-01-16 15:00,Mandir_Marg,750.0,750.6236,743.96674
2026-01-16 16:00,Mandir_Marg,668.25,746.28973,745.958
2026-01-16 17:00,Mandir_Marg,750.0,747.90405,746.84796
2026-01-16 18:00,Mandir_Marg,750.0,749.4354,747.5219
2026-01-16 19:00,Mandir_Marg,750.0,744.9964,745.0816
2026-01-16 20:00,Mandir_Marg,602.34,742.20233,747.0995
2026-01-16 21:00,Mandir_Marg,750.0,747.62134,747.5053
2026-01-16 22:00,Mandir_Marg,750.0,739.74817,739.75024
2026-01-16 23:00,Mandir_Marg,750.0,738.5849,739.9714
2026-01-17 00:00,Mandir_Marg,750.0,706.12006,719.3075
2026-01-17 01:00,Mandir_Marg,387.77,344.2305,330.13644
2026-01-17 02:00,Mandir_Marg,193.63,177.64703,183.508
2026-01-17 03:00,Mandir_Marg,114.44,140.18985,145.89336
2026-01-17 04:00,Mandir_Marg,142.24,119.5832,121.53291
2026-01-17 05:00,Mandir_Marg,74.48,72.445335,70.97407
2026-01-17 06:00,Mandir_Marg,52.31,68.04365,69.49811
2026-01-17 07:00,Mandir_Marg,71.49,68.382545,67.832085
2026-01-17 08:00,Mandir_Marg,57.71,76.10018,75.96416
2026-01-17 09:00,Mandir_Marg,71.76,83.449745,81.762085
2026-01-17 10:00,Mandir_Marg,84.37,102.42401,97.430565
2026-01-17 11:00,Mandir_Marg,202.86,196.81659,191.85994
2026-01-17 12:00,Mandir_Marg,199.11,283.031,300.9285
2026-01-17 13:00,Mandir_Marg,545.03,421.20132,366.04758
2026-01-17 14:00,Mandir_Marg,743.94,742.83997,744.9394
2026-01-17 15:00,Mandir_Marg,750.0,744.0573,742.8297
2026-01-17 16:00,Mandir_Marg,739.29,732.1886,728.94147
2026-01-17 17:00,Mandir_Marg,750.0,742.83716,738.6896
2026-01-17 18:00,Mandir_Marg,750.0,741.0284,736.89575
2026-01-17 19:00,Mandir_Marg,750.0,741.0956,738.68976
2026-01-17 20:00,Mandir_Marg,750.0,739.1132,735.5223
2026-01-17 21:00,Mandir_Marg,750.0,744.29193,740.00055
2026-01-17 22:00,Mandir_Marg,715.99,739.7622,739.43036
2026-01-17 23:00,Mandir_Marg,750.0,737.99286,736.93945
2026-01-18 00:00,Mandir_Marg,743.22,681.1181,704.55853
2026-01-18 01:00,Mandir_Marg,294.54,340.4666,333.94543
2026-01-18 02:00,Mandir_Marg,163.89,182.58577,191.14226
2026-01-18 03:00,Mandir_Marg,143.15,146.97714,152.49551
2026-01-18 04:00,Mandir_Marg,103.59,129.00658,125.83642
2026-01-18 05:00,Mandir_Marg,87.51,77.087265,78.32705
2026-01-18 06:00,Mandir_Marg,76.46,61.80318,63.537647
2026-01-18 07:00,Mandir_Marg,91.09,65.461075,68.13369
2026-01-18 08:00,Mandir_Marg,69.98,68.402054,70.11708
2026-01-18 09:00,Mandir_Marg,83.75,77.004105,77.60239
2026-01-18 10:00,Mandir_Marg,107.7,90.034386,89.63277
2026-01-18 11:00,Mandir_Marg,213.75,190.0134,199.1176
2026-01-18 12:00,Mandir_Marg,243.0,233.80196,238.93283
2026-01-18 13:00,Mandir_Marg,592.07,409.81052,463.74152
2026-01-18 14:00,Mandir_Marg,750.0,749.1002,754.2634
2026-01-18 15:00,Mandir_Marg,750.0,741.8669,751.30316
2026-01-18 16:00,Mandir_Marg,749.32,746.4926,746.68555
2026-01-18 17:00,Mandir_Marg,750.0,747.5519,746.40356
2026-01-18 18:00,Mandir_Marg,750.0,749.72253,748.589
2026-01-18 19:00,Mandir_Marg,750.0,745.7046,744.42395
2026-01-18 20:00,Mandir_Marg,750.0,746.25726,741.75464
2026-01-18 21:00,Mandir_Marg,750.0,750.67725,754.279
2026-01-18 22:00,Mandir_Marg,750.0,746.89374,748.8943
2026-01-18 23:00,Mandir_Marg,750.0,738.9735,750.14417
2026-01-19 00:00,Mandir_Marg,750.0,714.50635,709.34393
2026-01-19 01:00,Mandir_Marg,249.6,363.1652,371.1336
2026-01-19 02:00,Mandir_Marg,157.64,200.90323,198.00746
2026-01-19 03:00,Mandir_Marg,132.77,156.23383,157.19673
2026-01-19 04:00,Mandir_Marg,101.82,125.83022,131.44592
2026-01-19 05:00,Mandir_Marg,59.31,80.315575,80.514946
2026-01-19 06:00,Mandir_Marg,77.43,70.84342,71.11866
2026-01-19 07:00,Mandir_Marg,66.73,71.76454,70.00372
2026-01-19 08:00,Mandir_Marg,77.71,76.74033,76.752464
2026-01-19 09:00,Mandir_Marg,55.87,79.86839,80.91915
2026-01-19 10:00,Mandir_Marg,92.72,100.65462,110.467865
2026-01-19 11:00,Mandir_Marg,198.26,193.10622,178.51544
2026-01-19 12:00,Mandir_Marg,303.76,233.05092,236.30501
2026-01-19 13:00,Mandir_Marg,402.87,379.8962,379.0844
2026-01-19 14:00,Mandir_Marg,750.0,745.709,754.4978
2026-01-19 15:00,Mandir_Marg,750.0,660.8832,681.3408
2026-01-19 16:00,Mandir_Marg,750.0,708.83923,732.2553
2026-01-19 17:00,Mandir_Marg,750.0,746.9792,748.4972
2026-01-19 18:00,Mandir_Marg,750.0,746.88513,750.6389
2026-01-19 19:00,Mandir_Marg,750.0,745.2869,745.283
2026-01-19 20:00,Mandir_Marg,750.0,743.95416,741.69836
2026-01-19 21:00,Mandir_Marg,750.0,730.10406,743.65436
2026-01-19 22:00,Mandir_Marg,750.0,739.5396,739.3747
2026-01-19 23:00,Mandir_Marg,695.58,733.9431,742.38116
2026-01-20 00:00,Mandir_Marg,750.0,682.20996,680.97125
2026-01-20 01:00,Mandir_Marg,396.2,316.9725,305.58432
2026-01-20 02:00,Mandir_Marg,151.02,186.96324,173.55093
2026-01-20 03:00,Mandir_Marg,136.4,134.49255,134.87424
2026-01-20 04:00,Mandir_Marg,131.97,124.50577,125.504456
2026-01-20 05:00,Mandir_Marg,56.39,64.51276,59.281628
2026-01-20 06:00,Mandir_Marg,74.97,64.15902,44.458843
2026-01-20 07:00,Mandir_Marg,40.04,61.96323,65.67024
2026-01-20 08:00,Mandir_Marg,76.94,74.04891,73.58941
2026-01-20 09:00,Mandir_Marg,69.96,79.85634,79.22413
2026-01-20 10:00,Mandir_Marg,85.4,102.178894,100.51893
2026-01-20 11:00,Mandir_Marg,213.53,193.64429,181.02916
2026-01-20 12:00,Mandir_Marg,201.04,280.5116,275.7577
2026-01-20 13:00,Mandir_Marg,389.61,330.68686,353.36945
2026-01-20 14:00,Mandir_Marg,750.0,699.9119,706.099
2026-01-20 15:00,Mandir_Marg,750.0,737.21655,753.58075
2026-01-20 16:00,Mandir_Marg,750.0,680.446,684.8276
2026-01-20 17:00,Mandir_Marg,750.0,746.2296,746.9292
2026-01-20 18:00,Mandir_Marg,593.58,742.3766,742.15155
2026-01-20 19:00,Mandir_Marg,750.0,744.85205,744.6604
2026-01-20 20:00,Mandir_Marg,750.0,742.6965,748.5039
2026-01-20 21:00,Mandir_Marg,750.0,745.2738,748.40497
2026-01-20 22:00,Mandir_Marg,750.0,738.89044,738.53546
2026-01-20 23:00,Mandir_Marg,750.0,731.844,734.7612
2026-01-21 00:00,Mandir_Marg,581.57,679.70044,690.96246
2026-01-21 01:00,Mandir_Marg,313.22,304.00574,310.93683
2026-01-21 02:00,Mandir_Marg,220.65,179.06413,182.04753
2026-01-21 03:00,Mandir_Marg,126.35,153.80075,154.40274
2026-01-21 04:00,Mandir_Marg,123.56,128.85954,129.78877
2026-01-21 05:00,Mandir_Marg,72.3,67.10577,77.41403
2026-01-21 06:00,Mandir_Marg,46.9,71.04573,64.26489
2026-01-21 07:00,Mandir_Marg,65.34,67.98377,66.0208
2026-01-21 08:00,Mandir_Marg,61.04,74.25466,71.87067
2026-01-21 09:00,Mandir_Marg,77.53,83.58939,74.38443
2026-01-21 10:00,Mandir_Marg,82.78,99.59646,94.60923
2026-01-21 11:00,Mandir_Marg,228.73,201.6937,188.45549
2026-01-21 12:00,Mandir_Marg,179.57,261.38208,282.23645
2026-01-21 13:00,Mandir_Marg,304.57,328.943,299.71295
2026-01-21 14:00,Mandir_Marg,640.01,741.86743,742.4725
2026-01-21 15:00,Mandir_Marg,750.0,737.74097,736.3242
2026-01-21 16:00,Mandir_Marg,750.0,734.7504,737.9007
2026-01-21 17:00,Mandir_Marg,747.73,737.7773,734.3124
2026-01-21 18:00,Mandir_Marg,750.0,735.6416,729.9657
2026-01-21 19:00,Mandir_Marg,750.0,739.088,739.1681
2026-01-21 20:00,Mandir_Marg,750.0,737.90985,740.9885
2026-01-21 21:00,Mandir_Marg,750.0,743.2702,742.3367
2026-01-21 22:00,Mandir_Marg,647.1,733.6884,732.8998
2026-01-21 23:00,Mandir_Marg,750.0,733.1299,739.8137
2026-01-22 00:00,Mandir_Marg,750.0,670.59406,691.50977
2026-01-22 01:00,Mandir_Marg,336.67,352.5947,359.02634
2026-01-22 02:00,Mandir_Marg,135.42,185.1476,172.36778
2026-01-22 03:00,Mandir_Marg,164.17,132.26097,128.15938
2026-01-22 04:00,Mandir_Marg,128.48,119.78355,112.15503
2026-01-22 05:00,Mandir_Marg,74.62,69.35141,64.06203
2026-01-22 06:00,Mandir_Marg,61.42,64.473976,65.64268
2026-01-22 07:00,Mandir_Marg,48.38,68.283646,66.081474
2026-01-22 08:00,Mandir_Marg,69.97,70.75306,70.45437
2026-01-22 09:00,Mandir_Marg,70.57,80.45638,80.24667
2026-01-22 10:00,Mandir_Marg,103.05,99.18211,93.97373
2026-01-22 11:00,Mandir_Marg,146.52,180.72885,180.39532
2026-01-22 12:00,Mandir_Marg,190.34,242.47237,233.43532
2026-01-22 13:00,Mandir_Marg,519.96,365.15012,355.62988
2026-01-22 14:00,Mandir_Marg,750.0,744.0854,756.4478
2026-01-22 15:00,Mandir_Marg,750.0,738.996,737.6228
2026-01-22 16:00,Mandir_Marg,668.27,723.38544,729.1904
2026-01-22 17:00,Mandir_Marg,735.5,739.20325,740.3018
2026-01-22 18:00,Mandir_Marg,750.0,739.4396,736.08594
2026-01-22 19:00,Mandir_Marg,750.0,732.75464,722.04364
2026-01-22 20:00,Mandir_Marg,750.0,742.01324,743.8804
2026-01-22 21:00,Mandir_Marg,750.0,751.40936,754.66797
2026-01-22 22:00,Mandir_Marg,750.0,730.7836,734.3418
2026-01-22 23:00,Mandir_Marg,668.06,740.839,737.39856
2026-01-23 00:00,Mandir_Marg,494.53,664.6023,654.31274
2026-01-23 01:00,Mandir_Marg,368.63,317.21393,307.5715
2026-01-23 02:00,Mandir_Marg,187.54,183.29807,187.9384
2026-01-23 03:00,Mandir_Marg,150.65,134.33054,138.5511
2026-01-23 04:00,Mandir_Marg,118.75,119.88599,113.63029
2026-01-23 05:00,Mandir_Marg,70.6,69.07939,66.137535
2026-01-23 06:00,Mandir_Marg,50.47,70.10678,64.37034
2026-01-23 07:00,Mandir_Marg,47.68,70.786934,68.525085
2026-01-23 08:00,Mandir_Marg,62.66,77.2279,74.993454
2026-01-23 09:00,Mandir_Marg,84.69,80.93828,81.63143
2026-01-23 10:00,Mandir_Marg,105.1,100.85087,93.44794
2026-01-23 11:00,Mandir_Marg,191.48,190.60487,186.4607
2026-01-23 12:00,Mandir_Marg,175.9,244.44969,266.28876
2026-01-23 13:00,Mandir_Marg,370.39,382.9974,362.40918
2026-01-23 14:00,Mandir_Marg,750.0,751.4747,733.58044
2026-01-23 15:00,Mandir_Marg,750.0,736.63794,748.2766
2026-01-23 16:00,Mandir_Marg,750.0,731.57367,730.66504
2026-01-23 17:00,Mandir_Marg,750.0,736.5569,727.3144
2026-01-23 18:00,Mandir_Marg,750.0,731.84796,737.29144
2026-01-23 19:00,Mandir_Marg,750.0,738.5193,740.37714
2026-01-23 20:00,Mandir_Marg,750.0,745.7402,742.9105
2026-01-23 21:00,Mandir_Marg,750.0,742.33105,723.6941
2026-01-23 22:00,Mandir_Marg,722.4,747.0795,741.2764
2026-01-23 23:00,Mandir_Marg,750.0,745.48694,741.64124
2026-01-24 00:00,Mandir_Marg,521.72,682.42816,663.342
2026-01-24 01:00,Mandir_Marg,303.43,344.72327,351.5498
2026-01-24 02:00,Mandir_Marg,190.15,181.48798,173.72768
2026-01-24 03:00,Mandir_Marg,178.45,141.4342,136.456
2026-01-24 04:00,Mandir_Marg,102.32,119.14919,113.917915
2026-01-24 05:00,Mandir_Marg,83.05,68.27932,64.88524
2026-01-24 06:00,Mandir_Marg,82.77,68.06967,65.37218
2026-01-24 07:00,Mandir_Marg,78.68,67.66895,65.64758
2026-01-24 08:00,Mandir_Marg,73.39,73.93219,70.74631
2026-01-24 09:00,Mandir_Marg,64.03,80.572784,79.03799
2026-01-24 10:00,Mandir_Marg,79.72,93.467964,96.54687
2026-01-24 11:00,Mandir_Marg,156.36,178.73677,183.52692
2026-01-24 12:00,Mandir_Marg,261.0,229.10611,211.64397
2026-01-24 13:00,Mandir_Marg,548.55,367.27628,382.71277
2026-01-24 14:00,Mandir_Marg,750.0,748.081,750.87897
2026-01-24 15:00,Mandir_Marg,750.0,736.05725,727.603
2026-01-24 16:00,Mandir_Marg,750.0,737.1302,741.9451
2026-01-24 17:00,Mandir_Marg,750.0,735.9845,737.977
2026-01-24 18:00,Mandir_Marg,750.0,739.1662,739.6183
2026-01-24 19:00,Mandir_Marg,750.0,744.2645,745.90186
2026-01-24 20:00,Mandir_Marg,750.0,738.98737,737.8635
2026-01-24 21:00,Mandir_Marg,750.0,744.1661,743.77136
2026-01-24 22:00,Mandir_Marg,750.0,740.93195,741.6796
2026-01-24 23:00,Mandir_Marg,750.0,739.46655,741.97595
2026-01-25 00:00,Mandir_Marg,750.0,626.39996,636.11536
2026-01-25 01:00,Mandir_Marg,296.87,333.99536,333.5461
2026-01-25 02:00,Mandir_Marg,207.67,181.2309,179.51993
2026-01-25 03:00,Mandir_Marg,144.83,149.66707,131.41801
2026-01-25 04:00,Mandir_Marg,152.17,120.72989,127.27581
2026-01-25 05:00,Mandir_Marg,70.65,73.74276,71.856285
2026-01-25 06:00,Mandir_Marg,66.48,70.01463,70.78729
2026-01-25 07:00,Mandir_Marg,65.06,69.6185,71.96737
2026-01-25 08:00,Mandir_Marg,67.08,75.638504,76.371284
2026-01-25 09:00,Mandir_Marg,94.45,84.268326,84.13155
2026-01-25 10:00,Mandir_Marg,79.18,102.43765,102.93126
2026-01-25 11:00,Mandir_Marg,148.33,182.71541,175.62584
2026-01-25 12:00,Mandir_Marg,299.19,252.1319,267.37997
2026-01-25 13:00,Mandir_Marg,296.18,414.983,409.67712
2026-01-25 14:00,Mandir_Marg,750.0,748.9096,769.48425
2026-01-25 15:00,Mandir_Marg,750.0,751.75244,765.55963
2026-01-25 16:00,Mandir_Marg,750.0,699.11304,721.31525
2026-01-25 17:00,Mandir_Marg,750.0,750.50006,750.3885
2026-01-25 18:00,Mandir_Marg,750.0,750.5122,749.63947
2026-01-25 19:00,Mandir_Marg,750.0,742.61926,739.7232
2026-01-25 20:00,Mandir_Marg,750.0,745.91705,750.1218
2026-01-25 21:00,Mandir_Marg,728.63,738.45355,747.861
2026-01-25 22:00,Mandir_Marg,750.0,727.60706,710.8026
2026-01-25 23:00,Mandir_Marg,750.0,726.89954,734.61554
2026-01-26 00:00,Mandir_Marg,750.0,728.8703,709.1843
2026-01-26 01:00,Mandir_Marg,317.34,343.41495,340.0423
2026-01-26 02:00,Mandir_Marg,174.88,177.2354,175.8878
2026-01-26 03:00,Mandir_Marg,169.35,145.65102,147.5186
2026-01-26 04:00,Mandir_Marg,99.33,126.66853,126.56246
2026-01-26 05:00,Mandir_Marg,81.49,72.25756,73.66533
2026-01-26 06:00,Mandir_Marg,63.65,66.38692,59.94247
2026-01-26 07:00,Mandir_Marg,68.29,67.1417,67.918434
2026-01-26 08:00,Mandir_Marg,79.76,69.85546,69.1922
2026-01-26 09:00,Mandir_Marg,97.23,78.67357,78.39282
2026-01-26 10:00,Mandir_Marg,74.94,91.066605,94.42448
2026-01-26 11:00,Mandir_Marg,155.21,183.71855,195.74988
2026-01-26 12:00,Mandir_Marg,207.96,245.239,244.33888
2026-01-26 13:00,Mandir_Marg,255.03,380.99435,352.56033
2026-01-26 14:00,Mandir_Marg,750.0,745.0394,740.09924
2026-01-26 15:00,Mandir_Marg,750.0,735.2887,739.6574
2026-01-26 16:00,Mandir_Marg,750.0,742.53235,733.8482
2026-01-26 17:00,Mandir_Marg,750.0,742.2651,746.0834
2026-01-26 18:00,Mandir_Marg,750.0,745.1911,745.1852
2026-01-26 19:00,Mandir_Marg,750.0,746.35345,744.1469
2026-01-26 20:00,Mandir_Marg,750.0,737.7607,700.70416
2026-01-26 21:00,Mandir_Marg,750.0,710.29865,745.61523
2026-01-26 22:00,Mandir_Marg,750.0,705.63873,727.67755
2026-01-26 23:00,Mandir_Marg,750.0,738.7729,736.23816
2026-01-27 00:00,Mandir_Marg,684.12,728.64813,733.3304
2026-01-27 01:00,Mandir_Marg,265.51,351.81592,355.43906
2026-01-27 02:00,Mandir_Marg,150.18,174.72932,168.80865
2026-01-27 03:00,Mandir_Marg,133.12,140.43793,144.83066
2026-01-27 04:00,Mandir_Marg,131.44,120.08365,128.01074
2026-01-27 05:00,Mandir_Marg,82.99,71.38344,71.77114
2026-01-27 06:00,Mandir_Marg,79.39,62.115986,63.82607
2026-01-27 07:00,Mandir_Marg,58.02,67.48744,63.349598
2026-01-27 08:00,Mandir_Marg,68.64,65.861046,70.99743
2026-01-27 09:00,Mandir_Marg,71.07,81.68773,87.26147
2026-01-27 10:00,Mandir_Marg,79.03,92.26644,90.37175
2026-01-27 11:00,Mandir_Marg,188.6,183.61757,198.02032
2026-01-27 12:00,Mandir_Marg,220.3,238.12524,239.60336
2026-01-27 13:00,Mandir_Marg,311.43,362.99292,362.4381
2026-01-27 14:00,Mandir_Marg,750.0,745.24615,731.9252
2026-01-27 15:00,Mandir_Marg,750.0,750.5379,756.07544
2026-01-27 16:00,Mandir_Marg,750.0,738.85046,742.416
2026-01-27 17:00,Mandir_Marg,750.0,736.4559,741.7079
2026-01-27 18:00,Mandir_Marg,750.0,739.824,735.12585
2026-01-27 19:00,Mandir_Marg,712.97,741.25665,741.8713
2026-01-27 20:00,Mandir_Marg,750.0,743.1098,745.0359
2026-01-27 21:00,Mandir_Marg,644.16,733.13324,742.9941
2026-01-27 22:00,Mandir_Marg,750.0,705.42554,645.9882
2026-01-27 23:00,Mandir_Marg,750.0,743.0068,745.2487
2026-01-28 00:00,Mandir_Marg,624.89,691.2669,703.5162
2026-01-28 01:00,Mandir_Marg,311.35,311.673,321.73965
2026-01-28 02:00,Mandir_Marg,165.13,170.03432,171.10233
2026-01-28 03:00,Mandir_Marg,118.93,134.72253,136.26503
2026-01-28 04:00,Mandir_Marg,103.43,131.73378,117.9163
2026-01-28 05:00,Mandir_Marg,58.05,70.80303,72.9869
2026-01-28 06:00,Mandir_Marg,60.29,64.66476,66.37603
2026-01-28 07:00,Mandir_Marg,69.85,46.43389,59.84835
2026-01-28 08:00,Mandir_Marg,66.17,73.48329,68.907074
2026-01-28 09:00,Mandir_Marg,91.93,80.53176,84.78588
2026-01-28 10:00,Mandir_Marg,105.44,98.79838,97.436424
2026-01-28 11:00,Mandir_Marg,133.55,191.07112,191.66585
2026-01-28 12:00,Mandir_Marg,266.79,259.07355,231.3299
2026-01-28 13:00,Mandir_Marg,276.66,363.54614,393.00015
2026-01-28 14:00,Mandir_Marg,750.0,742.6788,744.22925
2026-01-28 15:00,Mandir_Marg,750.0,743.3162,750.46515
2026-01-28 16:00,Mandir_Marg,750.0,738.3133,740.8387
2026-01-28 17:00,Mandir_Marg,750.0,736.1853,738.92676
2026-01-10 22:00,Punjabi_Bagh,750.0,751.0544,749.5554
2026-01-10 23:00,Punjabi_Bagh,750.0,749.2896,750.2602
2026-01-11 00:00,Punjabi_Bagh,750.0,737.5647,738.633
2026-01-11 01:00,Punjabi_Bagh,336.56,418.55923,417.14664
2026-01-11 02:00,Punjabi_Bagh,248.73,209.93568,210.62915
2026-01-11 03:00,Punjabi_Bagh,167.6,160.45801,166.05771
2026-01-11 04:00,Punjabi_Bagh,181.98,144.95445,144.92416
2026-01-11 05:00,Punjabi_Bagh,90.9,86.379005,84.017685
2026-01-11 06:00,Punjabi_Bagh,63.98,80.81262,78.851295
2026-01-11 07:00,Punjabi_Bagh,77.83,78.472534,77.0331
2026-01-11 08:00,Punjabi_Bagh,100.03,87.86303,85.37341
2026-01-11 09:00,Punjabi_Bagh,99.13,92.80427,93.94831
2026-01-11 10:00,Punjabi_Bagh,111.53,109.7406,118.20161
2026-01-11 11:00,Punjabi_Bagh,184.81,222.06776,226.3799
2026-01-11 12:00,Punjabi_Bagh,239.34,290.9722,295.3517
2026-01-11 13:00,Punjabi_Bagh,366.49,455.1509,459.49304
2026-01-11 14:00,Punjabi_Bagh,750.0,755.4424,751.9652
2026-01-11 15:00,Punjabi_Bagh,750.0,750.2089,749.59296
2026-01-11 16:00,Punjabi_Bagh,750.0,749.3583,747.94836
2026-01-11 17:00,Punjabi_Bagh,750.0,751.26263,749.56573
2026-01-11 18:00,Punjabi_Bagh,750.0,749.2412,748.3944
2026-01-11 19:00,Punjabi_Bagh,750.0,749.2046,748.59106
2026-01-11 20:00,Punjabi_Bagh,750.0,749.5857,750.2519
2026-01-11 21:00,Punjabi_Bagh,750.0,749.86176,746.95105
2026-01-11 22:00,Punjabi_Bagh,750.0,749.5094,750.7165
2026-01-11 23:00,Punjabi_Bagh,750.0,752.8295,751.8082
2026-01-12 00:00,Punjabi_Bagh,750.0,746.9459,730.6984
2026-01-12 01:00,Punjabi_Bagh,449.12,424.5331,414.43057
2026-01-12 02:00,Punjabi_Bagh,236.76,210.33432,206.9657
2026-01-12 03:00,Punjabi_Bagh,149.26,174.06972,167.1572
2026-01-12 04:00,Punjabi_Bagh,153.78,145.20721,144.87227
2026-01-12 05:00,Punjabi_Bagh,72.91,92.1569,87.209175
2026-01-12 06:00,Punjabi_Bagh,80.75,76.96261,76.02006
2026-01-12 07:00,Punjabi_Bagh,58.69,81.44379,80.37384
2026-01-12 08:00,Punjabi_Bagh,85.65,85.140045,83.52468
2026-01-12 09:00,Punjabi_Bagh,95.17,93.11759,92.43924
2026-01-12 10:00,Punjabi_Bagh,81.98,108.74061,106.41264
2026-01-12 11:00,Punjabi_Bagh,232.75,207.33118,206.91255
2026-01-12 12:00,Punjabi_Bagh,252.94,299.94952,287.52704
2026-01-12 13:00,Punjabi_Bagh,318.73,428.21255,402.92822
2026-01-12 14:00,Punjabi_Bagh,750.0,743.4491,753.5248
2026-01-12 15:00,Punjabi_Bagh,750.0,749.69946,750.27057
2026-01-12 16:00,Punjabi_Bagh,750.0,749.0893,749.57367
2026-01-12 17:00,Punjabi_Bagh,750.0,749.52875,745.7778
2026-01-12 18:00,Punjabi_Bagh,750.0,747.749,749.59607
2026-01-12 19:00,Punjabi_Bagh,750.0,749.2115,746.89484
2026-01-12 20:00,Punjabi_Bagh,750.0,748.6392,744.268
2026-01-12 21:00,Punjabi_Bagh,750.0,748.4601,743.67096
2026-01-12 22:00,Punjabi_Bagh,748.61,741.11176,733.31
2026-01-12 23:00,Punjabi_Bagh,750.0,753.5187,748.11566
2026-01-13 00:00,Punjabi_Bagh,750.0,739.5242,742.80707
2026-01-13 01:00,Punjabi_Bagh,378.6,376.08978,388.9621
2026-01-13 02:00,Punjabi_Bagh,269.16,190.9964,185.34036
2026-01-13 03:00,Punjabi_Bagh,145.09,153.73544,149.11688
2026-01-13 04:00,Punjabi_Bagh,170.29,134.85782,131.98494
2026-01-13 05:00,Punjabi_Bagh,83.64,87.19833,90.82012
2026-01-13 06:00,Punjabi_Bagh,86.7,78.06515,81.14675
2026-01-13 07:00,Punjabi_Bagh,73.92,75.67536,74.48634
2026-01-13 08:00,Punjabi_Bagh,86.41,80.356895,80.25803
2026-01-13 09:00,Punjabi_Bagh,100.42,87.79544,87.40714
2026-01-13 10:00,Punjabi_Bagh,118.27,102.845795,109.00218
2026-01-13 11:00,Punjabi_Bagh,198.6,202.13141,193.03586
2026-01-13 12:00,Punjabi_Bagh,225.12,284.33502,277.69882
2026-01-13 13:00,Punjabi_Bagh,351.02,398.35687,393.47363
2026-01-13 14:00,Punjabi_Bagh,750.0,740.9468,736.5134
2026-01-13 15:00,Punjabi_Bagh,750.0,752.78125,751.1401
2026-01-13 16:00,Punjabi_Bagh,750.0,749.9344,743.6969
2026-01-13 17:00,Punjabi_Bagh,702.92,749.79047,748.8388
2026-01-13 18:00,Punjabi_Bagh,750.0,749.81915,749.8733
2026-01-13 19:00,Punjabi_Bagh,750.0,748.45337,747.2678
2026-01-13 20:00,Punjabi_Bagh,750.0,749.9987,749.94403
2026-01-13 21:00,Punjabi_Bagh,750.0,751.1253,750.61224
2026-01-13 22:00,Punjabi_Bagh,750.0,749.4525,750.42206
2026-01-13 23:00,Punjabi_Bagh,750.0,751.3489,749.00244
2026-01-14 00:00,Punjabi_Bagh,750.0,748.9214,756.43994
2026-01-14 01:00,Punjabi_Bagh,358.82,436.29724,434.25916
2026-01-14 02:00,Punjabi_Bagh,280.95,198.48985,201.51958
2026-01-14 03:00,Punjabi_Bagh,175.13,159.86415,159.38414
2026-01-14 04:00,Punjabi_Bagh,40.81,134.38506,138.38718
2026-01-14 05:00,Punjabi_Bagh,86.53,82.81736,81.139336
2026-01-14 06:00,Punjabi_Bagh,65.84,78.17698,79.22521
2026-01-14 07:00,Punjabi_Bagh,99.55,76.47354,79.55164
2026-01-14 08:00,Punjabi_Bagh,106.28,85.37859,83.299255
2026-01-14 09:00,Punjabi_Bagh,63.12,91.38474,93.958496
2026-01-14 10:00,Punjabi_Bagh,113.21,104.98943,95.80852
2026-01-14 11:00,Punjabi_Bagh,241.93,223.18663,224.16403
2026-01-14 12:00,Punjabi_Bagh,274.28,237.59369,247.34627
2026-01-14 13:00,Punjabi_Bagh,304.07,425.66354,458.3378
2026-01-14 14:00,Punjabi_Bagh,750.0,744.30273,709.6311
2026-01-14 15:00,Punjabi_Bagh,750.0,759.5148,752.5215
2026-01-14 16:00,Punjabi_Bagh,750.0,743.0503,746.1658
2026-01-14 17:00,Punjabi_Bagh,750.0,748.72296,750.1152
2026-01-14 18:00,Punjabi_Bagh,750.0,744.45935,749.4483
2026-01-14 19:00,Punjabi_Bagh,750.0,751.5749,750.7726
2026-01-14 20:00,Punjabi_Bagh,750.0,750.6693,750.7185
2026-01-14 21:00,Punjabi_Bagh,750.0,750.8018,753.9382
2026-01-14 22:00,Punjabi_Bagh,750.0,748.14386,736.3631
2026-01-14 23:00,Punjabi_Bagh,750.0,745.26855,747.51013
2026-01-15 00:00,Punjabi_Bagh,750.0,731.79083,728.86914
2026-01-15 01:00,Punjabi_Bagh,334.91,375.16565,354.4256
2026-01-15 02:00,Punjabi_Bagh,226.98,191.03041,189.85512
2026-01-15 03:00,Punjabi_Bagh,185.51,154.45035,152.0856
2026-01-15 04:00,Punjabi_Bagh,138.96,134.96918,130.39375
2026-01-15 05:00,Punjabi_Bagh,75.77,81.61112,76.74243
2026-01-15 06:00,Punjabi_Bagh,73.74,74.66132,78.47922
2026-01-15 07:00,Punjabi_Bagh,62.65,75.12608,74.29323
2026-01-15 08:00,Punjabi_Bagh,72.35,80.6256,81.6669
2026-01-15 09:00,Punjabi_Bagh,81.27,88.41368,89.164604
2026-01-15 10:00,Punjabi_Bagh,113.55,102.57223,105.1749
2026-01-15 11:00,Punjabi_Bagh,211.41,207.13635,206.51155
2026-01-15 12:00,Punjabi_Bagh,257.04,276.98566,277.41257
2026-01-15 13:00,Punjabi_Bagh,644.6,399.889,396.09326
2026-01-15 14:00,Punjabi_Bagh,750.0,756.3452,749.95746
2026-01-15 15:00,Punjabi_Bagh,750.0,747.5802,755.1625
2026-01-15 16:00,Punjabi_Bagh,750.0,747.6021,748.88794
2026-01-15 17:00,Punjabi_Bagh,750.0,746.71204,744.7927
2026-01-15 18:00,Punjabi_Bagh,750.0,746.3093,746.65137
2026-01-15 19:00,Punjabi_Bagh,750.0,750.00397,748.15784
2026-01-15 20:00,Punjabi_Bagh,750.0,751.36816,749.6838
2026-01-15 21:00,Punjabi_Bagh,750.0,748.29846,749.149
2026-01-15 22:00,Punjabi_Bagh,750.0,746.5782,748.1126
2026-01-15 23:00,Punjabi_Bagh,750.0,741.5628,746.7108
2026-01-16 00:00,Punjabi_Bagh,750.0,741.5373,743.9835
2026-01-16 01:00,Punjabi_Bagh,132.39,405.31592,393.08014
2026-01-16 02:00,Punjabi_Bagh,231.78,228.01608,228.12106
2026-01-16 03:00,Punjabi_Bagh,155.51,164.35786,168.20393
2026-01-16 04:00,Punjabi_Bagh,146.58,139.73601,138.58073
2026-01-16 05:00,Punjabi_Bagh,78.64,82.28787,84.6066
2026-01-16 06:00,Punjabi_Bagh,81.9,82.72923,76.18093
2026-01-16 07:00,Punjabi_Bagh,96.62,72.626114,72.2115
2026-01-16 08:00,Punjabi_Bagh,92.42,75.63803,78.54804
2026-01-16 09:00,Punjabi_Bagh,87.11,84.22007,88.61392
2026-01-16 10:00,Punjabi_Bagh,98.08,104.37303,112.713905
2026-01-16 11:00,Punjabi_Bagh,248.89,185.81851,191.56923
2026-01-16 12:00,Punjabi_Bagh,282.09,237.3159,251.49747
2026-01-16 13:00,Punjabi_Bagh,607.37,458.26102,453.77313
2026-01-16 14:00,Punjabi_Bagh,750.0,749.6832,738.44934
2026-01-16 15:00,Punjabi_Bagh,750.0,751.66705,753.35516
2026-01-16 16:00,Punjabi_Bagh,750.0,747.6835,748.81995
2026-01-16 17:00,Punjabi_Bagh,750.0,749.74677,748.60596
2026-01-16 18:00,Punjabi_Bagh,750.0,750.80786,749.7002
2026-01-16 19:00,Punjabi_Bagh,750.0,748.52985,748.5283
2026-01-16 20:00,Punjabi_Bagh,750.0,751.79926,750.44666
2026-01-16 21:00,Punjabi_Bagh,750.0,747.9477,745.3653
2026-01-16 22:00,Punjabi_Bagh,750.0,748.5428,750.3248
2026-01-16 23:00,Punjabi_Bagh,750.0,745.3044,748.31665
2026-01-17 00:00,Punjabi_Bagh,750.0,724.25037,714.88885
2026-01-17 01:00,Punjabi_Bagh,530.93,347.38873,358.56186
2026-01-17 02:00,Punjabi_Bagh,230.54,207.49353,197.0927
2026-01-17 03:00,Punjabi_Bagh,153.97,167.0674,165.86053
2026-01-17 04:00,Punjabi_Bagh,193.83,130.15309,130.46481
2026-01-17 05:00,Punjabi_Bagh,94.34,80.32597,81.36919
2026-01-17 06:00,Punjabi_Bagh,68.76,78.07492,73.66345
2026-01-17 07:00,Punjabi_Bagh,67.33,84.78275,81.75358
2026-01-17 08:00,Punjabi_Bagh,84.56,90.3474,87.716805
2026-01-17 09:00,Punjabi_Bagh,100.1,95.04154,99.23737
2026-01-17 10:00,Punjabi_Bagh,137.23,124.33576,127.42474
2026-01-17 11:00,Punjabi_Bagh,259.55,247.20747,235.43408
2026-01-17 12:00,Punjabi_Bagh,277.97,318.13977,327.95203
2026-01-17 13:00,Punjabi_Bagh,348.64,491.9608,488.17462
2026-01-17 14:00,Punjabi_Bagh,735.0,750.5516,752.34534
2026-01-17 15:00,Punjabi_Bagh,750.0,754.3716,751.92896
2026-01-17 16:00,Punjabi_Bagh,750.0,750.0708,749.59033
2026-01-17 17:00,Punjabi_Bagh,750.0,749.48157,749.20465
2026-01-17 18:00,Punjabi_Bagh,750.0,750.16547,750.2803
2026-01-17 19:00,Punjabi_Bagh,750.0,748.40436,748.65466
2026-01-17 20:00,Punjabi_Bagh,750.0,735.0519,747.7861
2026-01-17 21:00,Punjabi_Bagh,750.0,750.46436,750.6374
2026-01-17 22:00,Punjabi_Bagh,750.0,748.002,749.7879
2026-01-17 23:00,Punjabi_Bagh,743.97,741.8741,750.9213
2026-01-18 00:00,Punjabi_Bagh,750.0,742.42053,740.2165
2026-01-18 01:00,Punjabi_Bagh,376.3,439.34155,441.7382
2026-01-18 02:00,Punjabi_Bagh,182.1,227.02377,227.75621
2026-01-18 03:00,Punjabi_Bagh,152.47,157.42386,166.63402
2026-01-18 04:00,Punjabi_Bagh,182.59,147.90121,149.10579
2026-01-18 05:00,Punjabi_Bagh,74.59,88.09612,88.22173
2026-01-18 06:00,Punjabi_Bagh,86.38,86.93018,85.66383
2026-01-18 07:00,Punjabi_Bagh,65.56,83.902306,81.36965
2026-01-18 08:00,Punjabi_Bagh,71.17,84.69962,85.610664
2026-01-18 09:00,Punjabi_Bagh,108.2,90.3611,93.14777
2026-01-18 10:00,Punjabi_Bagh,116.39,113.517456,108.10535
2026-01-18 11:00,Punjabi_Bagh,182.77,207.9696,203.82198
2026-01-18 12:00,Punjabi_Bagh,325.99,267.28482,265.3554
2026-01-18 13:00,Punjabi_Bagh,650.74,574.29,503.6675
2026-01-18 14:00,Punjabi_Bagh,750.0,753.11926,758.3031
2026-01-18 15:00,Punjabi_Bagh,750.0,741.7081,750.1316
2026-01-18 16:00,Punjabi_Bagh,750.0,749.3253,748.8237
2026-01-18 17:00,Punjabi_Bagh,750.0,732.2312,733.62946
2026-01-18 18:00,Punjabi_Bagh,750.0,750.9031,748.3632
2026-01-18 19:00,Punjabi_Bagh,750.0,746.00616,742.86707
2026-01-18 20:00,Punjabi_Bagh,750.0,742.6445,740.7142
2026-01-18 21:00,Punjabi_Bagh,750.0,747.647,747.8713
2026-01-18 22:00,Punjabi_Bagh,750.0,747.4997,748.5621
2026-01-18 23:00,Punjabi_Bagh,750.0,748.71655,748.5594
2026-01-19 00:00,Punjabi_Bagh,750.0,734.2895,733.4015
2026-01-19 01:00,Punjabi_Bagh,335.51,394.8949,417.65475
2026-01-19 02:00,Punjabi_Bagh,208.21,206.22406,209.55104
2026-01-19 03:00,Punjabi_Bagh,168.59,182.6781,179.18613
2026-01-19 04:00,Punjabi_Bagh,179.21,150.15259,147.72801
2026-01-19 05:00,Punjabi_Bagh,93.43,86.71281,80.91781
2026-01-19 06:00,Punjabi_Bagh,74.95,82.86529,80.67133
2026-01-19 07:00,Punjabi_Bagh,84.87,81.37568,80.344604
2026-01-19 08:00,Punjabi_Bagh,112.74,89.03404,86.1389
2026-01-19 09:00,Punjabi_Bagh,77.73,95.60142,94.173454
2026-01-19 10:00,Punjabi_Bagh,92.84,112.56689,110.64093
2026-01-19 11:00,Punjabi_Bagh,222.77,216.2262,212.52365
2026-01-19 12:00,Punjabi_Bagh,256.81,285.2932,288.80695
2026-01-19 13:00,Punjabi_Bagh,614.39,503.37366,543.3102
2026-01-19 14:00,Punjabi_Bagh,750.0,749.096,754.6192
2026-01-19 15:00,Punjabi_Bagh,750.0,760.30316,749.071
2026-01-19 16:00,Punjabi_Bagh,750.0,762.3531,751.61896
2026-01-19 17:00,Punjabi_Bagh,750.0,748.5326,749.2139
2026-01-19 18:00,Punjabi_Bagh,750.0,746.68823,746.6869
2026-01-19 19:00,Punjabi_Bagh,750.0,748.28357,747.7548
2026-01-19 20:00,Punjabi_Bagh,750.0,747.33685,747.9693
2026-01-19 21:00,Punjabi_Bagh,750.0,748.78864,748.3727
2026-01-19 22:00,Punjabi_Bagh,394.93,746.91766,748.8669
2026-01-19 23:00,Punjabi_Bagh,750.0,752.46783,751.2782
2026-01-20 00:00,Punjabi_Bagh,750.0,732.44354,737.0917
2026-01-20 01:00,Punjabi_Bagh,493.56,330.97757,336.19318
2026-01-20 02:00,Punjabi_Bagh,229.04,219.92151,215.27135
2026-01-20 03:00,Punjabi_Bagh,192.72,169.87552,168.80087
2026-01-20 04:00,Punjabi_Bagh,168.59,151.62096,150.6785
2026-01-20 05:00,Punjabi_Bagh,80.3,80.139366,89.52292
2026-01-20 06:00,Punjabi_Bagh,70.15,79.135956,80.760376
2026-01-20 07:00,Punjabi_Bagh,82.35,82.74163,83.08329
2026-01-20 08:00,Punjabi_Bagh,85.88,91.40894,87.2355
2026-01-20 09:00,Punjabi_Bagh,86.08,99.96824,99.58552
2026-01-20 10:00,Punjabi_Bagh,136.56,159.6555,185.14954
2026-01-20 11:00,Punjabi_Bagh,284.95,242.94603,230.69487
2026-01-20 12:00,Punjabi_Bagh,241.28,302.96133,331.9505
2026-01-20 13:00,Punjabi_Bagh,393.96,492.2884,467.02914
2026-01-20 14:00,Punjabi_Bagh,750.0,747.21893,750.4207
2026-01-20 15:00,Punjabi_Bagh,750.0,741.3982,748.7497
2026-01-20 16:00,Punjabi_Bagh,750.0,749.43256,746.99524
2026-01-20 17:00,Punjabi_Bagh,750.0,749.415,749.37317
2026-01-20 18:00,Punjabi_Bagh,750.0,750.53204,749.93616
2026-01-20 19:00,Punjabi_Bagh,750.0,748.6593,741.1103
2026-01-20 20:00,Punjabi_Bagh,750.0,748.4899,748.9957
2026-01-20 21:00,Punjabi_Bagh,750.0,748.31696,752.1771
2026-01-20 22:00,Punjabi_Bagh,750.0,748.36707,749.6602
2026-01-20 23:00,Punjabi_Bagh,750.0,725.1061,688.68677
2026-01-21 00:00,Punjabi_Bagh,750.0,727.8713,714.17993
2026-01-21 01:00,Punjabi_Bagh,391.55,456.64243,441.6489
2026-01-21 02:00,Punjabi_Bagh,233.08,213.75896,214.63141
2026-01-21 03:00,Punjabi_Bagh,147.75,173.43855,167.799
2026-01-21 04:00,Punjabi_Bagh,139.68,145.92694,150.61703
2026-01-21 05:00,Punjabi_Bagh,80.29,97.2666,90.98632
2026-01-21 06:00,Punjabi_Bagh,66.03,83.196175,75.05953
2026-01-21 07:00,Punjabi_Bagh,75.4,85.24882,84.51568
2026-01-21 08:00,Punjabi_Bagh,83.4,89.46108,88.18727
2026-01-21 09:00,Punjabi_Bagh,90.36,99.40209,100.498695
2026-01-21 10:00,Punjabi_Bagh,115.96,109.98866,105.39415
2026-01-21 11:00,Punjabi_Bagh,201.22,211.30165,218.78058
2026-01-21 12:00,Punjabi_Bagh,255.76,278.51352,269.0184
2026-01-21 13:00,Punjabi_Bagh,540.06,526.3655,497.5555
2026-01-21 14:00,Punjabi_Bagh,750.0,750.6661,760.5532
2026-01-21 15:00,Punjabi_Bagh,750.0,749.15497,749.685
2026-01-21 16:00,Punjabi_Bagh,750.0,749.8724,748.5901
2026-01-21 17:00,Punjabi_Bagh,750.0,747.58984,747.0195
2026-01-21 18:00,Punjabi_Bagh,750.0,750.22815,750.2493
2026-01-21 19:00,Punjabi_Bagh,750.0,747.95184,749.2887
2026-01-21 20:00,Punjabi_Bagh,750.0,751.735,749.2276
2026-01-21 21:00,Punjabi_Bagh,750.0,749.8283,752.86597
2026-01-21 22:00,Punjabi_Bagh,750.0,747.4861,748.00903
2026-01-21 23:00,Punjabi_Bagh,750.0,744.3367,753.0471
2026-01-22 00:00,Punjabi_Bagh,750.0,739.58844,741.9317
2026-01-22 01:00,Punjabi_Bagh,335.77,362.1375,372.34415
2026-01-22 02:00,Punjabi_Bagh,189.48,228.3667,222.00883
2026-01-22 03:00,Punjabi_Bagh,202.55,169.16695,173.87575
2026-01-22 04:00,Punjabi_Bagh,199.17,145.92126,144.61263
2026-01-22 05:00,Punjabi_Bagh,62.41,86.88244,91.997345
2026-01-22 06:00,Punjabi_Bagh,91.59,82.6127,81.791374
2026-01-22 07:00,Punjabi_Bagh,64.2,78.062836,77.19192
2026-01-22 08:00,Punjabi_Bagh,90.64,82.77142,82.94155
2026-01-22 09:00,Punjabi_Bagh,92.56,90.67913,91.47269
2026-01-22 10:00,Punjabi_Bagh,137.83,109.10594,117.73986
2026-01-22 11:00,Punjabi_Bagh,194.05,225.77348,211.68942
2026-01-22 12:00,Punjabi_Bagh,205.46,319.1476,331.96814
2026-01-22 13:00,Punjabi_Bagh,341.88,417.01385,371.05048
2026-01-22 14:00,Punjabi_Bagh,750.0,751.6873,751.529
2026-01-22 15:00,Punjabi_Bagh,750.0,752.3517,750.31976
2026-01-22 16:00,Punjabi_Bagh,750.0,746.706,747.7449
2026-01-22 17:00,Punjabi_Bagh,750.0,750.3159,749.7817
2026-01-22 18:00,Punjabi_Bagh,750.0,749.85364,751.249
2026-01-22 19:00,Punjabi_Bagh,750.0,749.20483,749.3226
2026-01-22 20:00,Punjabi_Bagh,750.0,750.0318,750.7972
2026-01-22 21:00,Punjabi_Bagh,750.0,752.30396,753.14465
2026-01-22 22:00,Punjabi_Bagh,750.0,750.33594,749.7689
2026-01-22 23:00,Punjabi_Bagh,750.0,750.4955,752.0337
2026-01-23 00:00,Punjabi_Bagh,750.0,741.437,740.661
2026-01-23 01:00,Punjabi_Bagh,318.5,435.01697,426.555
2026-01-23 02:00,Punjabi_Bagh,198.61,196.45688,194.6037
2026-01-23 03:00,Punjabi_Bagh,220.22,160.19957,163.73512
2026-01-23 04:00,Punjabi_Bagh,175.54,140.45103,137.20541
2026-01-23 05:00,Punjabi_Bagh,86.33,80.79372,74.94758
2026-01-23 06:00,Punjabi_Bagh,90.39,77.19015,79.11113
2026-01-23 07:00,Punjabi_Bagh,81.85,76.88409,77.79864
2026-01-23 08:00,Punjabi_Bagh,70.26,81.20808,83.61621
2026-01-23 09:00,Punjabi_Bagh,87.35,92.96157,95.4048
2026-01-23 10:00,Punjabi_Bagh,123.76,111.79221,108.31045
2026-01-23 11:00,Punjabi_Bagh,210.19,202.20277,199.59416
2026-01-23 12:00,Punjabi_Bagh,301.63,249.24698,247.86966
2026-01-23 13:00,Punjabi_Bagh,311.78,483.24805,487.19995
2026-01-23 14:00,Punjabi_Bagh,750.0,752.25653,747.9237
2026-01-23 15:00,Punjabi_Bagh,750.0,751.8196,753.2526
2026-01-23 16:00,Punjabi_Bagh,750.0,750.0147,749.7466
2026-01-23 17:00,Punjabi_Bagh,750.0,750.25775,750.84985
2026-01-23 18:00,Punjabi_Bagh,750.0,751.02765,750.2583
2026-01-23 19:00,Punjabi_Bagh,750.0,749.43353,748.94464
2026-01-23 20:00,Punjabi_Bagh,750.0,749.80615,747.93616
2026-01-23 21:00,Punjabi_Bagh,750.0,752.2926,751.06775
2026-01-23 22:00,Punjabi_Bagh,750.0,738.33826,747.2582
2026-01-23 23:00,Punjabi_Bagh,750.0,741.1185,745.7535
2026-01-24 00:00,Punjabi_Bagh,750.0,743.4986,745.0828
2026-01-24 01:00,Punjabi_Bagh,494.46,412.01416,426.8679
2026-01-24 02:00,Punjabi_Bagh,203.92,194.59836,198.96603
2026-01-24 03:00,Punjabi_Bagh,176.61,167.30128,172.32497
2026-01-24 04:00,Punjabi_Bagh,151.02,135.71497,137.67023
2026-01-24 05:00,Punjabi_Bagh,108.61,73.24366,73.467766
2026-01-24 06:00,Punjabi_Bagh,62.23,81.0683,79.01687
2026-01-24 07:00,Punjabi_Bagh,72.1,83.89707,82.78735
2026-01-24 08:00,Punjabi_Bagh,74.78,93.24086,91.643684
2026-01-24 09:00,Punjabi_Bagh,120.64,96.71313,98.63023
2026-01-24 10:00,Punjabi_Bagh,100.58,111.70203,107.87691
2026-01-24 11:00,Punjabi_Bagh,225.87,224.918,226.66623
2026-01-24 12:00,Punjabi_Bagh,276.27,281.60358,280.6236
2026-01-24 13:00,Punjabi_Bagh,436.82,430.24567,431.26822
2026-01-24 14:00,Punjabi_Bagh,750.0,754.63135,771.17175
2026-01-24 15:00,Punjabi_Bagh,750.0,751.1945,750.4651
2026-01-24 16:00,Punjabi_Bagh,750.0,750.60126,748.81976
2026-01-24 17:00,Punjabi_Bagh,750.0,749.29755,748.3237
2026-01-24 18:00,Punjabi_Bagh,750.0,750.7873,751.0044
2026-01-24 19:00,Punjabi_Bagh,750.0,749.4173,748.31085
2026-01-24 20:00,Punjabi_Bagh,750.0,748.9244,748.9093
2026-01-24 21:00,Punjabi_Bagh,750.0,753.5245,735.9473
2026-01-24 22:00,Punjabi_Bagh,750.0,749.1431,749.4577
2026-01-24 23:00,Punjabi_Bagh,750.0,750.78394,750.7723
2026-01-25 00:00,Punjabi_Bagh,750.0,731.3065,735.4435
2026-01-25 01:00,Punjabi_Bagh,530.25,434.26328,442.33786
2026-01-25 02:00,Punjabi_Bagh,177.17,211.20216,210.51138
2026-01-25 03:00,Punjabi_Bagh,138.83,177.93639,189.91458
2026-01-25 04:00,Punjabi_Bagh,193.81,146.23009,145.15445
2026-01-25 05:00,Punjabi_Bagh,74.42,93.847855,89.78132
2026-01-25 06:00,Punjabi_Bagh,88.97,84.42452,83.383194
2026-01-25 07:00,Punjabi_Bagh,74.26,82.95958,80.08968
2026-01-25 08:00,Punjabi_Bagh,94.32,88.79065,86.63786
2026-01-25 09:00,Punjabi_Bagh,107.27,96.47257,95.34179
2026-01-25 10:00,Punjabi_Bagh,110.1,109.30868,117.70154
2026-01-25 11:00,Punjabi_Bagh,177.47,247.3396,238.6407
2026-01-25 12:00,Punjabi_Bagh,385.13,310.2377,296.3837
2026-01-25 13:00,Punjabi_Bagh,411.31,409.69492,418.49686
2026-01-25 14:00,Punjabi_Bagh,750.0,747.97546,750.61835
2026-01-25 15:00,Punjabi_Bagh,750.0,750.8966,750.4986
2026-01-25 16:00,Punjabi_Bagh,750.0,748.122,748.4226
2026-01-25 17:00,Punjabi_Bagh,750.0,750.05994,749.5379
2026-01-25 18:00,Punjabi_Bagh,750.0,749.0862,749.2331
2026-01-25 19:00,Punjabi_Bagh,750.0,748.2935,748.74005
2026-01-25 20:00,Punjabi_Bagh,750.0,749.79816,749.66455
2026-01-25 21:00,Punjabi_Bagh,750.0,748.7661,748.307
2026-01-25 22:00,Punjabi_Bagh,750.0,749.59735,747.0896
2026-01-25 23:00,Punjabi_Bagh,750.0,748.92505,747.0574
2026-01-26 00:00,Punjabi_Bagh,750.0,738.5232,745.51953
2026-01-26 01:00,Punjabi_Bagh,328.06,406.13263,418.9881
2026-01-26 02:00,Punjabi_Bagh,212.51,231.04158,224.10005
2026-01-26 03:00,Punjabi_Bagh,204.42,175.34366,179.71088
2026-01-26 04:00,Punjabi_Bagh,160.93,154.66885,148.80304
2026-01-26 05:00,Punjabi_Bagh,95.23,89.74951,88.68915
2026-01-26 06:00,Punjabi_Bagh,71.52,84.42223,84.72183
2026-01-26 07:00,Punjabi_Bagh,77.8,81.776245,79.54311
2026-01-26 08:00,Punjabi_Bagh,55.68,87.06832,87.58746
2026-01-26 09:00,Punjabi_Bagh,116.65,97.37804,98.77743
2026-01-26 10:00,Punjabi_Bagh,106.35,112.66456,113.98454
2026-01-26 11:00,Punjabi_Bagh,216.11,211.44424,233.5927
2026-01-26 12:00,Punjabi_Bagh,292.23,289.61472,303.08496
2026-01-26 13:00,Punjabi_Bagh,625.87,558.9975,530.2041
2026-01-26 14:00,Punjabi_Bagh,750.0,754.4002,748.5147
2026-01-26 15:00,Punjabi_Bagh,750.0,754.51337,752.9952
2026-01-26 16:00,Punjabi_Bagh,750.0,753.4786,749.34375
2026-01-26 17:00,Punjabi_Bagh,750.0,749.40625,749.9844
2026-01-26 18:00,Punjabi_Bagh,750.0,752.4459,749.0753
2026-01-26 19:00,Punjabi_Bagh,750.0,740.4408,743.54224
2026-01-26 20:00,Punjabi_Bagh,750.0,750.13776,749.8915
2026-01-26 21:00,Punjabi_Bagh,750.0,752.26184,751.34814
2026-01-26 22:00,Punjabi_Bagh,750.0,742.2395,750.4539
2026-01-26 23:00,Punjabi_Bagh,750.0,747.30383,750.3518
2026-01-27 00:00,Punjabi_Bagh,750.0,747.9204,746.76044
2026-01-27 01:00,Punjabi_Bagh,381.7,417.39117,407.23184
2026-01-27 02:00,Punjabi_Bagh,199.85,222.87175,222.93945
2026-01-27 03:00,Punjabi_Bagh,202.35,177.71791,172.65063
2026-01-27 04:00,Punjabi_Bagh,122.68,151.68472,153.30746
2026-01-27 05:00,Punjabi_Bagh,74.02,93.45668,91.8519
2026-01-27 06:00,Punjabi_Bagh,99.15,89.23234,89.46231
2026-01-27 07:00,Punjabi_Bagh,84.05,83.63349,83.59279
2026-01-27 08:00,Punjabi_Bagh,75.25,89.71137,93.89959
2026-01-27 09:00,Punjabi_Bagh,72.81,97.278275,100.671295
2026-01-27 10:00,Punjabi_Bagh,105.67,111.23789,113.9132
2026-01-27 11:00,Punjabi_Bagh,197.47,221.40735,214.64372
2026-01-27 12:00,Punjabi_Bagh,302.83,286.0902,283.69373
2026-01-27 13:00,Punjabi_Bagh,487.44,447.4217,493.59082
2026-01-27 14:00,Punjabi_Bagh,750.0,753.4844,751.21564
2026-01-27 15:00,Punjabi_Bagh,750.0,750.587,751.2642
2026-01-27 16:00,Punjabi_Bagh,750.0,749.053,747.3152
2026-01-27 17:00,Punjabi_Bagh,750.0,748.1145,751.3005
2026-01-27 18:00,Punjabi_Bagh,750.0,749.24005,747.6073
2026-01-27 19:00,Punjabi_Bagh,750.0,750.1112,748.7122
2026-01-27 20:00,Punjabi_Bagh,750.0,754.8978,744.7681
2026-01-27 21:00,Punjabi_Bagh,750.0,750.8703,751.2074
2026-01-27 22:00,Punjabi_Bagh,750.0,747.1005,749.1444
2026-01-27 23:00,Punjabi_Bagh,750.0,748.4032,747.71716
2026-01-28 00:00,Punjabi_Bagh,731.95,736.34515,739.707
2026-01-28 01:00,Punjabi_Bagh,501.43,376.12787,381.62512
2026-01-28 02:00,Punjabi_Bagh,184.4,207.91632,220.64249
2026-01-28 03:00,Punjabi_Bagh,142.83,159.23647,159.66824
2026-01-28 04:00,Punjabi_Bagh,155.57,161.97469,158.79684
2026-01-28 05:00,Punjabi_Bagh,92.69,89.275345,90.34214
2026-01-28 06:00,Punjabi_Bagh,75.88,81.58882,79.02266
2026-01-28 07:00,Punjabi_Bagh,71.8,82.41243,81.21983
2026-01-28 08:00,Punjabi_Bagh,86.0,91.43777,89.9146
2026-01-28 09:00,Punjabi_Bagh,88.75,95.516045,94.63818
2026-01-28 10:00,Punjabi_Bagh,92.21,110.246765,111.33471
2026-01-28 11:00,Punjabi_Bagh,182.41,216.6385,208.30603
2026-01-28 12:00,Punjabi_Bagh,301.74,305.6747,301.2297
2026-01-28 13:00,Punjabi_Bagh,361.03,511.9623,495.16888
2026-01-28 14:00,Punjabi_Bagh,709.47,751.69666,753.3977
2026-01-28 15:00,Punjabi_Bagh,750.0,752.7886,751.6242
2026-01-28 16:00,Punjabi_Bagh,750.0,749.27246,748.8868
2026-01-28 17:00,Punjabi_Bagh,750.0,748.48047,748.29095
2026-01-10 22:00,RK_Puram,750.0,745.447,748.9622
2026-01-10 23:00,RK_Puram,750.0,748.0191,748.10815
2026-01-11 00:00,RK_Puram,603.41,690.9827,700.592
2026-01-11 01:00,RK_Puram,475.23,323.5897,352.31058
2026-01-11 02:00,RK_Puram,220.69,199.45662,218.67865
2026-01-11 03:00,RK_Puram,182.48,160.61453,160.97073
2026-01-11 04:00,RK_Puram,137.55,134.6823,129.98207
2026-01-11 05:00,RK_Puram,97.58,87.59932,87.19401
2026-01-11 06:00,RK_Puram,86.84,79.88086,78.342415
2026-01-11 07:00,RK_Puram,87.27,82.40633,80.53391
2026-01-11 08:00,RK_Puram,89.16,83.215004,82.16614
2026-01-11 09:00,RK_Puram,78.37,90.34554,91.64265
2026-01-11 10:00,RK_Puram,141.82,110.38962,105.821556
2026-01-11 11:00,RK_Puram,156.56,206.59431,219.58032
2026-01-11 12:00,RK_Puram,228.08,267.8926,267.29257
2026-01-11 13:00,RK_Puram,281.23,509.85876,486.91904
2026-01-11 14:00,RK_Puram,750.0,750.59705,742.65094
2026-01-11 15:00,RK_Puram,750.0,750.69763,748.1268
2026-01-11 16:00,RK_Puram,750.0,749.669,750.04974
2026-01-11 17:00,RK_Puram,750.0,748.5359,748.1738
2026-01-11 18:00,RK_Puram,750.0,747.5184,747.7178
2026-01-11 19:00,RK_Puram,750.0,746.13837,745.42914
2026-01-11 20:00,RK_Puram,750.0,747.64105,748.8935
2026-01-11 21:00,RK_Puram,750.0,749.3034,747.7523
2026-01-11 22:00,RK_Puram,750.0,746.4852,746.2282
2026-01-11 23:00,RK_Puram,750.0,741.4795,746.829
2026-01-12 00:00,RK_Puram,586.94,730.20404,724.39764
2026-01-12 01:00,RK_Puram,146.77,432.7747,419.35867
2026-01-12 02:00,RK_Puram,156.04,222.26712,207.95634
2026-01-12 03:00,RK_Puram,146.97,173.64664,179.36922
2026-01-12 04:00,RK_Puram,134.85,133.35562,130.5964
2026-01-12 05:00,RK_Puram,77.11,83.826324,87.370026
2026-01-12 06:00,RK_Puram,88.55,77.57979,78.93944
2026-01-12 07:00,RK_Puram,66.23,68.5867,67.6541
2026-01-12 08:00,RK_Puram,79.42,71.52351,68.05753
2026-01-12 09:00,RK_Puram,58.51,81.80704,80.582634
2026-01-12 10:00,RK_Puram,137.95,99.30107,105.34006
2026-01-12 11:00,RK_Puram,167.53,189.88705,187.73474
2026-01-12 12:00,RK_Puram,201.79,233.09132,215.94252
2026-01-12 13:00,RK_Puram,320.11,411.07208,400.78537
2026-01-12 14:00,RK_Puram,750.0,735.17035,736.29236
2026-01-12 15:00,RK_Puram,750.0,746.04034,745.41223
2026-01-12 16:00,RK_Puram,750.0,742.6103,743.1961
2026-01-12 17:00,RK_Puram,750.0,742.4283,740.933
2026-01-12 18:00,RK_Puram,750.0,741.1425,737.5274
2026-01-12 19:00,RK_Puram,750.0,743.8664,741.7257
2026-01-12 20:00,RK_Puram,750.0,747.5987,746.53625
2026-01-12 21:00,RK_Puram,750.0,743.44684,743.88403
2026-01-12 22:00,RK_Puram,750.0,725.3716,741.757
2026-01-12 23:00,RK_Puram,750.0,751.24536,756.499
2026-01-13 00:00,RK_Puram,750.0,726.03906,740.99347
2026-01-13 01:00,RK_Puram,284.8,340.1708,338.99228
2026-01-13 02:00,RK_Puram,205.88,174.82582,168.58823
2026-01-13 03:00,RK_Puram,196.94,133.95894,137.63792
2026-01-13 04:00,RK_Puram,125.04,109.91315,110.17307
2026-01-13 05:00,RK_Puram,89.5,69.123024,67.42846
2026-01-13 06:00,RK_Puram,82.81,67.02391,71.32933
2026-01-13 07:00,RK_Puram,67.76,66.3919,64.433685
2026-01-13 08:00,RK_Puram,59.9,72.77596,72.8312
2026-01-13 09:00,RK_Puram,92.48,77.23447,79.31291
2026-01-13 10:00,RK_Puram,126.56,96.90728,95.30443
2026-01-13 11:00,RK_Puram,213.08,187.47527,188.96996
2026-01-13 12:00,RK_Puram,242.55,228.96893,238.70338
2026-01-13 13:00,RK_Puram,607.07,390.3077,373.28735
2026-01-13 14:00,RK_Puram,750.0,744.8622,740.8645
2026-01-13 15:00,RK_Puram,750.0,742.69305,745.3527
2026-01-13 16:00,RK_Puram,735.35,740.89746,742.58246
2026-01-13 17:00,RK_Puram,750.0,733.0128,741.8056
2026-01-13 18:00,RK_Puram,750.0,744.7778,745.52313
2026-01-13 19:00,RK_Puram,750.0,749.7149,750.56885
2026-01-13 20:00,RK_Puram,750.0,748.2066,746.7034
2026-01-13 21:00,RK_Puram,750.0,749.3527,750.5709
2026-01-13 22:00,RK_Puram,750.0,747.67444,747.7287
2026-01-13 23:00,RK_Puram,750.0,753.36127,751.8148
2026-01-14 00:00,RK_Puram,750.0,679.698,673.68774
2026-01-14 01:00,RK_Puram,348.58,364.8708,373.9152
2026-01-14 02:00,RK_Puram,172.38,206.62747,213.50775
2026-01-14 03:00,RK_Puram,173.47,176.65504,158.04517
2026-01-14 04:00,RK_Puram,112.36,137.35655,137.10571
2026-01-14 05:00,RK_Puram,67.6,87.74796,76.97751
2026-01-14 06:00,RK_Puram,67.89,83.04395,82.92156
2026-01-14 07:00,RK_Puram,72.99,82.12315,80.19555
2026-01-14 08:00,RK_Puram,80.93,84.79966,84.34355
2026-01-14 09:00,RK_Puram,82.81,91.794395,91.51286
2026-01-14 10:00,RK_Puram,115.09,106.33569,107.746475
2026-01-14 11:00,RK_Puram,164.8,201.783,197.57039
2026-01-14 12:00,RK_Puram,289.81,289.823,300.26636
2026-01-14 13:00,RK_Puram,506.75,390.91367,396.77942
2026-01-14 14:00,RK_Puram,750.0,750.5464,751.5679
2026-01-14 15:00,RK_Puram,750.0,749.97406,753.07336
2026-01-14 16:00,RK_Puram,750.0,749.124,748.71454
2026-01-14 17:00,RK_Puram,750.0,747.13965,749.4086
2026-01-14 18:00,RK_Puram,750.0,751.1477,749.85
2026-01-14 19:00,RK_Puram,750.0,742.1985,732.81476
2026-01-14 20:00,RK_Puram,750.0,750.812,749.0389
2026-01-14 21:00,RK_Puram,750.0,748.1068,749.4417
2026-01-14 22:00,RK_Puram,750.0,749.7921,739.947
2026-01-14 23:00,RK_Puram,750.0,741.5061,743.41785
2026-01-15 00:00,RK_Puram,662.46,737.70325,736.0063
2026-01-15 01:00,RK_Puram,349.17,363.08096,367.81155
2026-01-15 02:00,RK_Puram,233.17,206.9167,207.63622
2026-01-15 03:00,RK_Puram,178.28,157.72658,158.61534
2026-01-15 04:00,RK_Puram,123.26,136.24503,136.04716
2026-01-15 05:00,RK_Puram,74.9,81.950554,81.7718
2026-01-15 06:00,RK_Puram,64.53,73.174446,73.676216
2026-01-15 07:00,RK_Puram,64.11,74.307106,74.76467
2026-01-15 08:00,RK_Puram,102.82,82.93803,81.18529
2026-01-15 09:00,RK_Puram,107.97,93.76523,91.62105
2026-01-15 10:00,RK_Puram,106.13,106.277435,108.423706
2026-01-15 11:00,RK_Puram,220.01,203.28316,199.80222
2026-01-15 12:00,RK_Puram,230.12,283.25864,313.5604
2026-01-15 13:00,RK_Puram,320.33,442.8536,418.51776
2026-01-15 14:00,RK_Puram,750.0,754.5162,752.9672
2026-01-15 15:00,RK_Puram,750.0,752.8337,752.0512
2026-01-15 16:00,RK_Puram,750.0,747.63727,747.71826
2026-01-15 17:00,RK_Puram,750.0,749.76776,749.78955
2026-01-15 18:00,RK_Puram,750.0,750.2112,750.6249
2026-01-15 19:00,RK_Puram,750.0,746.2054,745.6182
2026-01-15 20:00,RK_Puram,750.0,746.27014,748.07654
2026-01-15 21:00,RK_Puram,750.0,747.8506,749.10065
2026-01-15 22:00,RK_Puram,750.0,741.58057,735.6951
2026-01-15 23:00,RK_Puram,750.0,746.0265,748.1331
2026-01-16 00:00,RK_Puram,750.0,713.86096,717.37213
2026-01-16 01:00,RK_Puram,423.89,395.0675,402.75143
2026-01-16 02:00,RK_Puram,173.85,203.59355,205.40782
2026-01-16 03:00,RK_Puram,142.35,154.74895,156.48134
2026-01-16 04:00,RK_Puram,109.03,133.371,133.43167
2026-01-16 05:00,RK_Puram,102.23,86.58927,82.01467
2026-01-16 06:00,RK_Puram,67.3,73.40968,75.77933
2026-01-16 07:00,RK_Puram,84.22,76.295685,75.77098
2026-01-16 08:00,RK_Puram,74.03,78.89485,81.149796
2026-01-16 09:00,RK_Puram,90.13,85.19359,85.01929
2026-01-16 10:00,RK_Puram,110.84,102.06899,103.465355
2026-01-16 11:00,RK_Puram,176.6,203.77504,204.25981
2026-01-16 12:00,RK_Puram,375.47,267.87247,275.2729
2026-01-16 13:00,RK_Puram,598.65,398.19934,400.77997
2026-01-16 14:00,RK_Puram,750.0,751.3637,757.9811
2026-01-16 15:00,RK_Puram,750.0,747.3134,747.6744
2026-01-16 16:00,RK_Puram,750.0,746.3277,744.0264
2026-01-16 17:00,RK_Puram,750.0,748.31915,748.46545
2026-01-16 18:00,RK_Puram,750.0,748.4652,747.57635
2026-01-16 19:00,RK_Puram,750.0,746.30853,749.1251
2026-01-16 20:00,RK_Puram,750.0,743.54803,739.6181
2026-01-16 21:00,RK_Puram,750.0,746.42206,743.8161
2026-01-16 22:00,RK_Puram,750.0,749.6376,748.8891
2026-01-16 23:00,RK_Puram,750.0,743.65686,746.54083
2026-01-17 00:00,RK_Puram,737.65,728.4608,725.19885
2026-01-17 01:00,RK_Puram,302.45,356.84204,362.9361
2026-01-17 02:00,RK_Puram,269.44,202.38374,207.71718
2026-01-17 03:00,RK_Puram,159.96,161.9854,161.24727
2026-01-17 04:00,RK_Puram,142.98,149.18529,148.3208
2026-01-17 05:00,RK_Puram,70.79,92.58206,92.23307
2026-01-17 06:00,RK_Puram,81.62,81.1774,81.650795
2026-01-17 07:00,RK_Puram,57.51,78.75834,78.979546
2026-01-17 08:00,RK_Puram,75.74,88.29865,86.28257
2026-01-17 09:00,RK_Puram,92.59,94.39299,91.96848
2026-01-17 10:00,RK_Puram,105.36,106.58768,111.3663
2026-01-17 11:00,RK_Puram,190.61,216.76785,221.11249
2026-01-17 12:00,RK_Puram,233.95,294.7674,320.37076
2026-01-17 13:00,RK_Puram,381.65,478.09195,516.4667
2026-01-17 14:00,RK_Puram,750.0,745.5803,750.3649
2026-01-17 15:00,RK_Puram,750.0,750.86255,749.8928
2026-01-17 16:00,RK_Puram,750.0,750.224,748.598
2026-01-17 17:00,RK_Puram,750.0,749.60443,748.98755
2026-01-17 18:00,RK_Puram,750.0,749.25055,749.02325
2026-01-17 19:00,RK_Puram,750.0,745.8434,745.2269
2026-01-17 20:00,RK_Puram,750.0,745.8158,747.5471
2026-01-17 21:00,RK_Puram,750.0,745.8812,748.7172
2026-01-17 22:00,RK_Puram,750.0,744.3879,745.1378
2026-01-17 23:00,RK_Puram,750.0,744.54156,740.51416
2026-01-18 00:00,RK_Puram,750.0,671.4349,664.75696
2026-01-18 01:00,RK_Puram,546.96,378.04755,384.38757
2026-01-18 02:00,RK_Puram,179.22,201.01125,205.36574
2026-01-18 03:00,RK_Puram,196.42,153.89734,151.54369
2026-01-18 04:00,RK_Puram,141.29,136.00662,138.31516
2026-01-18 05:00,RK_Puram,60.59,80.177925,81.56797
2026-01-18 06:00,RK_Puram,77.56,74.16807,76.77321
2026-01-18 07:00,RK_Puram,68.25,80.5181,79.19791
2026-01-18 08:00,RK_Puram,58.75,78.03258,76.02019
2026-01-18 09:00,RK_Puram,78.01,89.82422,88.57564
2026-01-18 10:00,RK_Puram,142.42,103.5932,103.33744
2026-01-18 11:00,RK_Puram,213.0,209.19876,183.9774
2026-01-18 12:00,RK_Puram,214.06,289.49857,291.04938
2026-01-18 13:00,RK_Puram,454.41,427.9565,406.68933
2026-01-18 14:00,RK_Puram,750.0,743.52545,753.55585
2026-01-18 15:00,RK_Puram,750.0,753.2532,753.14856
2026-01-18 16:00,RK_Puram,750.0,747.3153,747.93774
2026-01-18 17:00,RK_Puram,750.0,747.49255,744.97266
2026-01-18 18:00,RK_Puram,750.0,748.0267,749.51715
2026-01-18 19:00,RK_Puram,750.0,746.4447,748.03876
2026-01-18 20:00,RK_Puram,750.0,747.3254,736.44855
2026-01-18 21:00,RK_Puram,750.0,748.98486,750.6489
2026-01-18 22:00,RK_Puram,750.0,748.17615,748.48975
2026-01-18 23:00,RK_Puram,750.0,754.0036,755.95526
2026-01-19 00:00,RK_Puram,750.0,724.5911,717.0082
2026-01-19 01:00,RK_Puram,425.21,370.46838,387.96396
2026-01-19 02:00,RK_Puram,162.93,199.32689,209.19855
2026-01-19 03:00,RK_Puram,149.56,168.59985,168.03879
2026-01-19 04:00,RK_Puram,107.47,141.39984,139.86078
2026-01-19 05:00,RK_Puram,83.63,86.183945,89.405594
2026-01-19 06:00,RK_Puram,87.56,79.891235,73.8772
2026-01-19 07:00,RK_Puram,69.08,77.931015,75.164986
2026-01-19 08:00,RK_Puram,106.36,81.975395,79.851234
2026-01-19 09:00,RK_Puram,81.87,87.515884,85.96009
2026-01-19 10:00,RK_Puram,137.61,101.58404,108.28878
2026-01-19 11:00,RK_Puram,185.07,198.77567,209.12222
2026-01-19 12:00,RK_Puram,225.11,253.24457,247.96725
2026-01-19 13:00,RK_Puram,394.2,391.73596,392.8996
2026-01-19 14:00,RK_Puram,750.0,745.22876,748.34515
2026-01-19 15:00,RK_Puram,750.0,748.9477,747.985
2026-01-19 16:00,RK_Puram,731.38,747.48346,745.9646
2026-01-19 17:00,RK_Puram,750.0,762.1484,751.8789
2026-01-19 18:00,RK_Puram,750.0,748.5539,748.37946
2026-01-19 19:00,RK_Puram,750.0,747.4423,748.91736
2026-01-19 20:00,RK_Puram,750.0,748.4919,742.5304
2026-01-19 21:00,RK_Puram,750.0,751.4022,752.41315
2026-01-19 22:00,RK_Puram,750.0,748.2264,748.1526
2026-01-19 23:00,RK_Puram,750.0,744.37305,747.42163
2026-01-20 00:00,RK_Puram,750.0,727.88367,718.5336
2026-01-20 01:00,RK_Puram,368.72,328.04742,326.99298
2026-01-20 02:00,RK_Puram,225.31,191.15239,196.08636
2026-01-20 03:00,RK_Puram,144.06,156.94052,153.17183
2026-01-20 04:00,RK_Puram,147.45,130.70609,128.59549
2026-01-20 05:00,RK_Puram,65.24,78.20749,80.04731
2026-01-20 06:00,RK_Puram,64.19,75.83402,80.10288
2026-01-20 07:00,RK_Puram,63.23,73.38371,72.779686
2026-01-20 08:00,RK_Puram,60.95,80.40753,81.16999
2026-01-20 09:00,RK_Puram,81.97,88.09665,87.56794
2026-01-20 10:00,RK_Puram,102.31,105.14485,106.29011
2026-01-20 11:00,RK_Puram,223.73,200.94913,198.8391
2026-01-20 12:00,RK_Puram,218.52,301.35535,309.2777
2026-01-20 13:00,RK_Puram,290.35,413.1791,425.33618
2026-01-20 14:00,RK_Puram,750.0,749.31696,750.05414
2026-01-20 15:00,RK_Puram,750.0,745.4077,754.1612
2026-01-20 16:00,RK_Puram,750.0,715.8981,718.4187
2026-01-20 17:00,RK_Puram,750.0,743.1302,743.73474
2026-01-20 18:00,RK_Puram,750.0,747.57965,745.9304
2026-01-20 19:00,RK_Puram,750.0,745.02686,743.4951
2026-01-20 20:00,RK_Puram,750.0,740.3116,742.1487
2026-01-20 21:00,RK_Puram,750.0,741.26324,738.691
2026-01-20 22:00,RK_Puram,750.0,739.1168,743.07404
2026-01-20 23:00,RK_Puram,750.0,734.2861,733.05475
2026-01-21 00:00,RK_Puram,750.0,728.4565,736.2987
2026-01-21 01:00,RK_Puram,421.37,368.8531,369.54935
2026-01-21 02:00,RK_Puram,173.22,186.58672,183.61923
2026-01-21 03:00,RK_Puram,165.86,147.29736,149.48978
2026-01-21 04:00,RK_Puram,173.39,123.43624,124.295975
2026-01-21 05:00,RK_Puram,85.84,72.98733,76.662155
2026-01-21 06:00,RK_Puram,71.85,66.263985,65.15522
2026-01-21 07:00,RK_Puram,64.77,74.69052,73.69244
2026-01-21 08:00,RK_Puram,93.23,72.501785,72.922424
2026-01-21 09:00,RK_Puram,73.62,82.71899,80.76898
2026-01-21 10:00,RK_Puram,83.44,102.92459,101.29518
2026-01-21 11:00,RK_Puram,193.28,206.02998,202.96088
2026-01-21 12:00,RK_Puram,226.71,247.43576,258.7911
2026-01-21 13:00,RK_Puram,554.91,435.8703,396.59692
2026-01-21 14:00,RK_Puram,750.0,752.0986,757.57465
2026-01-21 15:00,RK_Puram,750.0,751.12195,749.62024
2026-01-21 16:00,RK_Puram,750.0,746.86176,737.5927
2026-01-21 17:00,RK_Puram,750.0,745.9357,745.49426
2026-01-21 18:00,RK_Puram,750.0,746.84265,746.03174
2026-01-21 19:00,RK_Puram,750.0,745.4386,739.7707
2026-01-21 20:00,RK_Puram,750.0,751.2019,750.19836
2026-01-21 21:00,RK_Puram,750.0,745.7181,744.66815
2026-01-21 22:00,RK_Puram,750.0,737.45593,746.4514
2026-01-21 23:00,RK_Puram,750.0,751.05414,755.97284
2026-01-22 00:00,RK_Puram,678.01,736.5106,741.32074
2026-01-22 01:00,RK_Puram,431.06,331.723,336.07486
2026-01-22 02:00,RK_Puram,166.11,213.57806,218.17868
2026-01-22 03:00,RK_Puram,161.67,165.45251,166.50151
2026-01-22 04:00,RK_Puram,134.89,157.66219,166.03528
2026-01-22 05:00,RK_Puram,102.27,83.95298,80.06451
2026-01-22 06:00,RK_Puram,100.21,76.923256,75.464806
2026-01-22 07:00,RK_Puram,83.17,78.16578,75.8627
2026-01-22 08:00,RK_Puram,89.03,81.64951,80.26119
2026-01-22 09:00,RK_Puram,65.1,92.89855,92.729866
2026-01-22 10:00,RK_Puram,103.33,106.83466,103.277
2026-01-22 11:00,RK_Puram,198.06,207.54584,205.67067
2026-01-22 12:00,RK_Puram,222.64,265.34854,259.48883
2026-01-22 13:00,RK_Puram,299.21,431.0073,448.64594
2026-01-22 14:00,RK_Puram,750.0,749.6785,751.1414
2026-01-22 15:00,RK_Puram,750.0,751.6452,760.731
2026-01-22 16:00,RK_Puram,704.29,749.8301,749.807
2026-01-22 17:00,RK_Puram,750.0,749.276,749.9377
2026-01-22 18:00,RK_Puram,750.0,748.8297,749.50946
2026-01-22 19:00,RK_Puram,750.0,739.69525,746.4382
2026-01-22 20:00,RK_Puram,750.0,746.4477,747.3525
2026-01-22 21:00,RK_Puram,750.0,746.83105,749.32184
2026-01-22 22:00,RK_Puram,750.0,743.20264,741.8688
2026-01-22 23:00,RK_Puram,750.0,741.51337,745.76044
2026-01-23 00:00,RK_Puram,617.3,730.2369,727.8544
2026-01-23 01:00,RK_Puram,351.77,367.5796,374.96985
2026-01-23 02:00,RK_Puram,193.35,192.82204,195.00063
2026-01-23 03:00,RK_Puram,172.28,162.85393,160.69945
2026-01-23 04:00,RK_Puram,139.19,131.75964,128.78374
2026-01-23 05:00,RK_Puram,72.45,86.296974,83.92651
2026-01-23 06:00,RK_Puram,69.31,69.30974,70.77651
2026-01-23 07:00,RK_Puram,55.92,70.835205,68.93181
2026-01-23 08:00,RK_Puram,70.26,75.35955,76.17924
2026-01-23 09:00,RK_Puram,111.61,84.24504,83.97212
2026-01-23 10:00,RK_Puram,84.32,91.56892,96.56456
2026-01-23 11:00,RK_Puram,216.55,188.16406,184.96124
2026-01-23 12:00,RK_Puram,352.99,241.37302,235.01595
2026-01-23 13:00,RK_Puram,478.6,434.93765,374.42007
2026-01-23 14:00,RK_Puram,750.0,746.79926,743.33026
2026-01-23 15:00,RK_Puram,750.0,750.5319,747.23157
2026-01-23 16:00,RK_Puram,635.47,743.53815,742.8762
2026-01-23 17:00,RK_Puram,750.0,738.2005,740.6882
2026-01-23 18:00,RK_Puram,750.0,743.98065,745.1407
2026-01-23 19:00,RK_Puram,750.0,742.5019,745.2389
2026-01-23 20:00,RK_Puram,750.0,749.7598,750.32214
2026-01-23 21:00,RK_Puram,750.0,747.5759,752.3516
2026-01-23 22:00,RK_Puram,750.0,745.7182,745.76996
2026-01-23 23:00,RK_Puram,750.0,746.9855,747.4715
2026-01-24 00:00,RK_Puram,661.01,711.9925,705.17896
2026-01-24 01:00,RK_Puram,334.29,405.14334,404.05542
2026-01-24 02:00,RK_Puram,256.28,203.33774,201.91124
2026-01-24 03:00,RK_Puram,160.83,165.14998,167.54584
2026-01-24 04:00,RK_Puram,110.92,154.12834,154.76698
2026-01-24 05:00,RK_Puram,81.34,89.744026,86.975494
2026-01-24 06:00,RK_Puram,53.75,79.1408,78.19266
2026-01-24 07:00,RK_Puram,95.19,77.555984,77.78878
2026-01-24 08:00,RK_Puram,81.09,85.33152,84.11487
2026-01-24 09:00,RK_Puram,70.34,97.87846,98.31021
2026-01-24 10:00,RK_Puram,88.96,106.8785,105.88269
2026-01-24 11:00,RK_Puram,174.25,212.49364,202.8457
2026-01-24 12:00,RK_Puram,282.07,251.4567,248.1723
2026-01-24 13:00,RK_Puram,387.89,455.14603,431.65805
2026-01-24 14:00,RK_Puram,750.0,730.1227,755.532
2026-01-24 15:00,RK_Puram,750.0,752.86255,750.68164
2026-01-24 16:00,RK_Puram,750.0,749.3386,749.8299
2026-01-24 17:00,RK_Puram,750.0,747.1062,745.70306
2026-01-24 18:00,RK_Puram,750.0,731.25464,743.10895
2026-01-24 19:00,RK_Puram,750.0,741.5763,742.3614
2026-01-24 20:00,RK_Puram,750.0,742.4037,744.34906
2026-01-24 21:00,RK_Puram,750.0,746.0083,747.63806
2026-01-24 22:00,RK_Puram,750.0,744.4094,727.87036
2026-01-24 23:00,RK_Puram,750.0,737.54944,731.74194
2026-01-25 00:00,RK_Puram,736.3,682.5481,680.6429
2026-01-25 01:00,RK_Puram,407.43,397.6848,408.80936
2026-01-25 02:00,RK_Puram,221.13,195.41132,192.89595
2026-01-25 03:00,RK_Puram,157.86,152.55458,151.81969
2026-01-25 04:00,RK_Puram,134.84,115.90466,124.33884
2026-01-25 05:00,RK_Puram,77.09,77.03058,76.5266
2026-01-25 06:00,RK_Puram,78.69,71.71684,78.30437
2026-01-25 07:00,RK_Puram,87.75,74.711426,74.2006
2026-01-25 08:00,RK_Puram,59.12,79.312874,80.67515
2026-01-25 09:00,RK_Puram,81.96,88.19488,87.75554
2026-01-25 10:00,RK_Puram,100.8,103.60862,103.54831
2026-01-25 11:00,RK_Puram,190.6,197.47932,203.35037
2026-01-25 12:00,RK_Puram,296.34,240.81012,245.50528
2026-01-25 13:00,RK_Puram,434.37,465.30112,469.9081
2026-01-25 14:00,RK_Puram,750.0,749.60864,752.3733
2026-01-25 15:00,RK_Puram,750.0,752.70514,757.10657
2026-01-25 16:00,RK_Puram,750.0,749.1291,746.48566
2026-01-25 17:00,RK_Puram,750.0,748.1158,746.2916
2026-01-25 18:00,RK_Puram,750.0,748.9637,745.0551
2026-01-25 19:00,RK_Puram,750.0,748.5659,749.9667
2026-01-25 20:00,RK_Puram,750.0,750.0949,750.96674
2026-01-25 21:00,RK_Puram,750.0,751.4205,751.07825
2026-01-25 22:00,RK_Puram,750.0,750.94714,751.4464
2026-01-25 23:00,RK_Puram,750.0,746.68774,751.10406
2026-01-26 00:00,RK_Puram,750.0,745.8202,742.6714
2026-01-26 01:00,RK_Puram,303.46,382.4417,393.98102
2026-01-26 02:00,RK_Puram,203.46,214.5871,209.31633
2026-01-26 03:00,RK_Puram,170.42,167.38188,171.25359
2026-01-26 04:00,RK_Puram,155.68,140.47884,144.84488
2026-01-26 05:00,RK_Puram,86.8,83.7291,85.82063
2026-01-26 06:00,RK_Puram,67.67,78.84396,78.97614
2026-01-26 07:00,RK_Puram,83.71,76.74924,75.6799
2026-01-26 08:00,RK_Puram,62.63,80.05642,79.42125
2026-01-26 09:00,RK_Puram,78.8,87.97074,87.64969
2026-01-26 10:00,RK_Puram,126.11,106.25429,103.91116
2026-01-26 11:00,RK_Puram,166.06,195.87796,210.1866
2026-01-26 12:00,RK_Puram,236.79,251.157,260.54364
2026-01-26 13:00,RK_Puram,473.44,515.2768,484.97626
2026-01-26 14:00,RK_Puram,750.0,737.37274,724.4809
2026-01-26 15:00,RK_Puram,750.0,749.08484,750.8667
2026-01-26 16:00,RK_Puram,750.0,747.10077,749.5866
2026-01-26 17:00,RK_Puram,750.0,745.93066,746.8438
2026-01-26 18:00,RK_Puram,681.42,749.0955,748.864
2026-01-26 19:00,RK_Puram,750.0,749.0057,749.1996
2026-01-26 20:00,RK_Puram,750.0,749.9019,750.0316
2026-01-26 21:00,RK_Puram,750.0,750.25574,751.3746
2026-01-26 22:00,RK_Puram,750.0,748.14044,748.3904
2026-01-26 23:00,RK_Puram,750.0,746.36597,746.5563
2026-01-27 00:00,RK_Puram,750.0,684.6639,679.9833
2026-01-27 01:00,RK_Puram,381.7,334.1257,337.53503
2026-01-27 02:00,RK_Puram,210.87,200.10745,198.77237
2026-01-27 03:00,RK_Puram,137.88,148.70676,151.57262
2026-01-27 04:00,RK_Puram,124.51,134.4336,132.63126
2026-01-27 05:00,RK_Puram,98.96,79.397194,80.779045
2026-01-27 06:00,RK_Puram,92.18,77.51434,83.127426
2026-01-27 07:00,RK_Puram,90.6,77.97624,75.95471
2026-01-27 08:00,RK_Puram,60.94,83.39406,84.55507
2026-01-27 09:00,RK_Puram,60.06,89.7352,89.83197
2026-01-27 10:00,RK_Puram,94.37,102.91594,93.76613
2026-01-27 11:00,RK_Puram,198.0,192.44464,199.8802
2026-01-27 12:00,RK_Puram,234.92,260.89606,258.83643
2026-01-27 13:00,RK_Puram,474.31,426.29547,450.30728
2026-01-27 14:00,RK_Puram,750.0,748.9532,750.6257
2026-01-27 15:00,RK_Puram,750.0,749.6697,748.6532
2026-01-27 16:00,RK_Puram,739.4,746.1893,753.2235
2026-01-27 17:00,RK_Puram,750.0,747.5097,747.1982
2026-01-27 18:00,RK_Puram,750.0,747.6281,748.8564
2026-01-27 19:00,RK_Puram,750.0,748.0978,747.54535
2026-01-27 20:00,RK_Puram,750.0,743.5853,747.2735
2026-01-27 21:00,RK_Puram,750.0,750.067,751.46466
2026-01-27 22:00,RK_Puram,750.0,746.4363,745.4209
2026-01-27 23:00,RK_Puram,750.0,751.7301,751.1483
2026-01-28 00:00,RK_Puram,750.0,691.39984,715.94403
2026-01-28 01:00,RK_Puram,319.69,369.99863,373.2894
2026-01-28 02:00,RK_Puram,215.3,202.09383,201.67676
2026-01-28 03:00,RK_Puram,162.84,157.11816,161.18413
2026-01-28 04:00,RK_Puram,138.46,136.22597,128.82014
2026-01-28 05:00,RK_Puram,87.15,79.049446,81.73858
2026-01-28 06:00,RK_Puram,61.78,76.7626,73.592186
2026-01-28 07:00,RK_Puram,76.32,75.52462,74.84988
2026-01-28 08:00,RK_Puram,73.07,83.105095,77.87445
2026-01-28 09:00,RK_Puram,100.03,86.67089,89.188
2026-01-28 10:00,RK_Puram,122.76,103.27499,100.547485
2026-01-28 11:00,RK_Puram,201.22,195.64061,205.95123
2026-01-28 12:00,RK_Puram,297.14,240.15007,241.0689
2026-01-28 13:00,RK_Puram,456.34,476.8718,435.755
2026-01-28 14:00,RK_Puram,750.0,748.8106,758.56647
2026-01-28 15:00,RK_Puram,750.0,750.6743,748.1373
2026-01-28 16:00,RK_Puram,750.0,749.2581,749.3783
2026-01-28 17:00,RK_Puram,750.0,748.42365,748.1339
