timestamp,station_id,actual_pm25,baseline_prediction,coupled_prediction
2026-01-10 22:00,Anand_Vihar,750.0,481.15872,438.09207
2026-01-10 23:00,Anand_Vihar,750.0,424.69534,452.68414
2026-01-11 00:00,Anand_Vihar,750.0,380.16238,445.42523
2026-01-11 01:00,Anand_Vihar,472.17,283.18158,255.38641
2026-01-11 02:00,Anand_Vihar,264.5,225.53397,163.09622
2026-01-11 03:00,Anand_Vihar,211.85,144.4749,127.07791
2026-01-11 04:00,Anand_Vihar,166.77,136.8751,117.3175
2026-01-11 05:00,Anand_Vihar,102.34,81.58978,67.904945
2026-01-11 06:00,Anand_Vihar,86.59,76.70205,64.10884
2026-01-11 07:00,Anand_Vihar,79.73,78.3678,65.63489
2026-01-11 08:00,Anand_Vihar,113.83,96.15632,67.2061
2026-01-11 09:00,Anand_Vihar,109.3,89.09259,74.34141
2026-01-11 10:00,Anand_Vihar,116.69,107.03071,94.469315
2026-01-11 11:00,Anand_Vihar,291.35,187.04562,177.891
2026-01-11 12:00,Anand_Vihar,364.52,207.21266,186.34859
2026-01-11 13:00,Anand_Vihar,359.72,313.70593,405.1354
2026-01-11 14:00,Anand_Vihar,750.0,429.59744,467.67554
2026-01-11 15:00,Anand_Vihar,750.0,445.965,448.9916
2026-01-11 16:00,Anand_Vihar,750.0,453.36838,460.97205
2026-01-11 17:00,Anand_Vihar,750.0,452.5669,494.83362
2026-01-11 18:00,Anand_Vihar,750.0,450.9712,441.6469
2026-01-11 19:00,Anand_Vihar,750.0,448.92398,442.23843
2026-01-11 20:00,Anand_Vihar,750.0,418.88605,416.16498
2026-01-11 21:00,Anand_Vihar,750.0,429.3714,464.6207
2026-01-11 22:00,Anand_Vihar,750.0,425.14166,422.20834
2026-01-11 23:00,Anand_Vihar,750.0,427.35178,455.65173
2026-01-12 00:00,Anand_Vihar,750.0,434.11096,417.3312
2026-01-12 01:00,Anand_Vihar,373.55,376.33862,326.81754
2026-01-12 02:00,Anand_Vihar,290.43,184.08846,176.966
2026-01-12 03:00,Anand_Vihar,183.81,143.29813,127.03966
2026-01-12 04:00,Anand_Vihar,227.98,122.06402,104.70213
2026-01-12 05:00,Anand_Vihar,116.33,97.1123,63.477867
2026-01-12 06:00,Anand_Vihar,101.67,69.1623,56.31321
2026-01-12 07:00,Anand_Vihar,95.87,68.00399,59.68928
2026-01-12 08:00,Anand_Vihar,96.12,96.355606,63.370544
2026-01-12 09:00,Anand_Vihar,95.63,82.26463,66.63779
2026-01-12 10:00,Anand_Vihar,121.09,115.768974,88.08719
2026-01-12 11:00,Anand_Vihar,223.74,181.36363,159.96684
2026-01-12 12:00,Anand_Vihar,454.67,187.90266,180.28578
2026-01-12 13:00,Anand_Vihar,370.44,298.6267,395.20697
2026-01-12 14:00,Anand_Vihar,750.0,433.7752,430.94077
2026-01-12 15:00,Anand_Vihar,750.0,454.45837,452.44855
2026-01-12 16:00,Anand_Vihar,750.0,452.09204,437.29932
2026-01-12 17:00,Anand_Vihar,750.0,452.1589,432.22293
2026-01-12 18:00,Anand_Vihar,750.0,451.04044,487.13715
2026-01-12 19:00,Anand_Vihar,750.0,459.04654,442.55334
2026-01-12 20:00,Anand_Vihar,750.0,471.26318,433.9628
2026-01-12 21:00,Anand_Vihar,750.0,419.7864,422.78375
2026-01-12 22:00,Anand_Vihar,750.0,425.56357,424.94022
2026-01-12 23:00,Anand_Vihar,750.0,414.73648,454.3868
2026-01-13 00:00,Anand_Vihar,750.0,382.1573,445.0158
2026-01-13 01:00,Anand_Vihar,421.2,397.81003,331.61572
2026-01-13 02:00,Anand_Vihar,241.58,181.22345,149.02876
2026-01-13 03:00,Anand_Vihar,200.35,141.81248,125.10602
2026-01-13 04:00,Anand_Vihar,171.11,124.33547,105.5696
2026-01-13 05:00,Anand_Vihar,127.87,72.75553,63.26255
2026-01-13 06:00,Anand_Vihar,81.99,97.61417,63.632713
2026-01-13 07:00,Anand_Vihar,79.02,76.38911,64.232025
2026-01-13 08:00,Anand_Vihar,89.65,80.29566,67.37674
2026-01-13 09:00,Anand_Vihar,111.0,106.006485,73.32418
2026-01-13 10:00,Anand_Vihar,136.36,118.30632,86.276054
2026-01-13 11:00,Anand_Vihar,336.29,183.47157,175.78789
2026-01-13 12:00,Anand_Vihar,363.14,200.57587,198.49213
2026-01-13 13:00,Anand_Vihar,468.54,247.99887,353.52643
2026-01-13 14:00,Anand_Vihar,750.0,414.72406,456.0547
2026-01-13 15:00,Anand_Vihar,750.0,444.8596,447.7622
2026-01-13 16:00,Anand_Vihar,750.0,449.78415,435.59906
2026-01-13 17:00,Anand_Vihar,750.0,470.67645,440.68173
2026-01-13 18:00,Anand_Vihar,750.0,467.9981,449.88498
2026-01-13 19:00,Anand_Vihar,750.0,432.45023,486.63492
2026-01-13 20:00,Anand_Vihar,750.0,432.59152,461.1102
2026-01-13 21:00,Anand_Vihar,750.0,422.2468,423.43994
2026-01-13 22:00,Anand_Vihar,750.0,427.8826,425.59546
2026-01-13 23:00,Anand_Vihar,750.0,426.83646,418.45697
2026-01-14 00:00,Anand_Vihar,750.0,391.67157,425.2217
2026-01-14 01:00,Anand_Vihar,591.86,382.14062,348.99127
2026-01-14 02:00,Anand_Vihar,195.99,206.7646,194.65944
2026-01-14 03:00,Anand_Vihar,172.09,174.89998,167.49911
2026-01-14 04:00,Anand_Vihar,139.31,123.477684,102.62269
2026-01-14 05:00,Anand_Vihar,86.93,83.89935,70.83659
2026-01-14 06:00,Anand_Vihar,92.45,78.27454,64.12543
2026-01-14 07:00,Anand_Vihar,105.79,76.576675,66.43712
2026-01-14 08:00,Anand_Vihar,129.65,82.67412,66.55047
2026-01-14 09:00,Anand_Vihar,107.33,103.99934,66.29111
2026-01-14 10:00,Anand_Vihar,116.35,99.551994,94.70376
2026-01-14 11:00,Anand_Vihar,270.0,186.11272,164.4785
2026-01-14 12:00,Anand_Vihar,370.59,223.30078,227.44705
2026-01-14 13:00,Anand_Vihar,371.32,239.16869,298.7866
2026-01-14 14:00,Anand_Vihar,750.0,440.34128,424.07947
2026-01-14 15:00,Anand_Vihar,750.0,475.78897,478.34177
2026-01-14 16:00,Anand_Vihar,750.0,450.9838,450.36868
2026-01-14 17:00,Anand_Vihar,750.0,417.747,447.40274
2026-01-14 18:00,Anand_Vihar,750.0,472.6621,489.57266
2026-01-14 19:00,Anand_Vihar,750.0,470.20703,440.90372
2026-01-14 20:00,Anand_Vihar,750.0,466.57324,417.3903
2026-01-14 21:00,Anand_Vihar,750.0,421.0558,467.83105
2026-01-14 22:00,Anand_Vihar,750.0,425.4713,469.43033
2026-01-14 23:00,Anand_Vihar,750.0,427.1907,418.07346
2026-01-15 00:00,Anand_Vihar,750.0,377.9724,414.4995
2026-01-15 01:00,Anand_Vihar,604.79,409.98547,347.22488
2026-01-15 02:00,Anand_Vihar,216.33,190.30373,166.4552
2026-01-15 03:00,Anand_Vihar,243.26,142.42075,128.46262
2026-01-15 04:00,Anand_Vihar,196.04,115.59177,101.82146
2026-01-15 05:00,Anand_Vihar,90.88,102.89986,76.94129
2026-01-15 06:00,Anand_Vihar,81.87,70.36525,57.616238
2026-01-15 07:00,Anand_Vihar,113.14,73.230965,63.34116
2026-01-15 08:00,Anand_Vihar,104.66,102.4163,67.66676
2026-01-15 09:00,Anand_Vihar,119.49,90.18794,72.55989
2026-01-15 10:00,Anand_Vihar,118.27,105.14627,94.348656
2026-01-15 11:00,Anand_Vihar,216.22,187.52669,163.69449
2026-01-15 12:00,Anand_Vihar,283.22,235.76016,225.12158
2026-01-15 13:00,Anand_Vihar,711.59,284.4106,318.5873
2026-01-15 14:00,Anand_Vihar,750.0,437.56757,451.01483
2026-01-15 15:00,Anand_Vihar,750.0,437.3828,449.8187
2026-01-15 16:00,Anand_Vihar,750.0,453.74982,439.55594
2026-01-15 17:00,Anand_Vihar,750.0,434.96112,426.35175
2026-01-15 18:00,Anand_Vihar,750.0,471.1553,466.7996
2026-01-15 19:00,Anand_Vihar,750.0,468.13797,442.7728
2026-01-15 20:00,Anand_Vihar,750.0,461.27902,417.88837
2026-01-15 21:00,Anand_Vihar,750.0,425.15564,425.26315
2026-01-15 22:00,Anand_Vihar,750.0,423.29874,469.76794
2026-01-15 23:00,Anand_Vihar,750.0,422.70602,460.35355
2026-01-16 00:00,Anand_Vihar,750.0,399.7117,459.394
2026-01-16 01:00,Anand_Vihar,584.44,341.17014,296.31174
2026-01-16 02:00,Anand_Vihar,229.48,188.46362,159.78897
2026-01-16 03:00,Anand_Vihar,212.69,146.68834,134.97801
2026-01-16 04:00,Anand_Vihar,195.51,131.06352,109.91089
2026-01-16 05:00,Anand_Vihar,96.44,80.88518,68.637825
2026-01-16 06:00,Anand_Vihar,82.32,90.46285,46.628983
2026-01-16 07:00,Anand_Vihar,122.27,96.79387,62.632034
2026-01-16 08:00,Anand_Vihar,128.12,80.368126,68.86519
2026-01-16 09:00,Anand_Vihar,110.54,89.28062,73.760544
2026-01-16 10:00,Anand_Vihar,112.69,106.0275,90.40528
2026-01-16 11:00,Anand_Vihar,295.8,172.65869,165.67967
2026-01-16 12:00,Anand_Vihar,284.86,241.54454,233.55324
2026-01-16 13:00,Anand_Vihar,395.74,259.11383,318.09686
2026-01-16 14:00,Anand_Vihar,750.0,456.08994,439.10455
2026-01-16 15:00,Anand_Vihar,750.0,484.94083,506.40643
2026-01-16 16:00,Anand_Vihar,750.0,444.74463,459.4588
2026-01-16 17:00,Anand_Vihar,750.0,403.6417,449.52905
2026-01-16 18:00,Anand_Vihar,750.0,463.071,444.0201
2026-01-16 19:00,Anand_Vihar,750.0,451.22314,442.4469
2026-01-16 20:00,Anand_Vihar,750.0,433.0146,460.98312
2026-01-16 21:00,Anand_Vihar,750.0,425.12106,424.5586
2026-01-16 22:00,Anand_Vihar,750.0,426.6739,425.0389
2026-01-16 23:00,Anand_Vihar,750.0,432.06265,463.04446
2026-01-17 00:00,Anand_Vihar,750.0,444.3934,425.77008
2026-01-17 01:00,Anand_Vihar,458.6,387.04105,351.92258
2026-01-17 02:00,Anand_Vihar,243.73,180.04248,145.87708
2026-01-17 03:00,Anand_Vihar,186.64,140.01552,140.37732
2026-01-17 04:00,Anand_Vihar,164.7,126.14295,106.09476
2026-01-17 05:00,Anand_Vihar,96.08,83.77088,69.27421
2026-01-17 06:00,Anand_Vihar,105.81,79.4196,68.546234
2026-01-17 07:00,Anand_Vihar,94.35,74.084946,59.642204
2026-01-17 08:00,Anand_Vihar,91.41,96.581375,64.86003
2026-01-17 09:00,Anand_Vihar,92.16,104.28317,69.151825
2026-01-17 10:00,Anand_Vihar,115.0,95.81385,82.79102
2026-01-17 11:00,Anand_Vihar,180.36,184.45793,157.2764
2026-01-17 12:00,Anand_Vihar,439.02,212.26764,210.24226
2026-01-17 13:00,Anand_Vihar,403.08,347.17484,388.47223
2026-01-17 14:00,Anand_Vihar,750.0,446.79636,445.11905
2026-01-17 15:00,Anand_Vihar,750.0,426.86932,452.6383
2026-01-17 16:00,Anand_Vihar,750.0,440.21283,433.9337
2026-01-17 17:00,Anand_Vihar,750.0,453.26074,458.85846
2026-01-17 18:00,Anand_Vihar,750.0,469.70505,453.122
2026-01-17 19:00,Anand_Vihar,750.0,459.07022,474.85672
2026-01-17 20:00,Anand_Vihar,750.0,467.2822,417.87772
2026-01-17 21:00,Anand_Vihar,750.0,432.62085,469.15268
2026-01-17 22:00,Anand_Vihar,750.0,419.3976,466.71976
2026-01-17 23:00,Anand_Vihar,750.0,420.23108,409.93176
2026-01-18 00:00,Anand_Vihar,750.0,421.2003,426.0834
2026-01-18 01:00,Anand_Vihar,534.65,331.78268,295.15814
2026-01-18 02:00,Anand_Vihar,283.73,168.08301,152.12192
2026-01-18 03:00,Anand_Vihar,191.31,146.54523,122.41623
2026-01-18 04:00,Anand_Vihar,194.88,119.608925,99.41063
2026-01-18 05:00,Anand_Vihar,89.74,77.90361,62.43807
2026-01-18 06:00,Anand_Vihar,98.58,66.89262,58.888943
2026-01-18 07:00,Anand_Vihar,89.61,93.757614,60.735233
2026-01-18 08:00,Anand_Vihar,109.33,101.22923,68.18806
2026-01-18 09:00,Anand_Vihar,97.16,89.82534,73.566345
2026-01-18 10:00,Anand_Vihar,155.97,106.82227,93.198685
2026-01-18 11:00,Anand_Vihar,336.47,193.11504,181.58995
2026-01-18 12:00,Anand_Vihar,287.26,243.70499,209.15764
2026-01-18 13:00,Anand_Vihar,389.23,297.8261,391.47595
2026-01-18 14:00,Anand_Vihar,750.0,449.08362,452.19928
2026-01-18 15:00,Anand_Vihar,750.0,461.99863,457.26605
2026-01-18 16:00,Anand_Vihar,750.0,434.90958,441.75613
2026-01-18 17:00,Anand_Vihar,750.0,467.17856,488.5267
2026-01-18 18:00,Anand_Vihar,750.0,470.34064,497.59674
2026-01-18 19:00,Anand_Vihar,750.0,439.38098,438.64532
2026-01-18 20:00,Anand_Vihar,750.0,469.5679,432.3116
2026-01-18 21:00,Anand_Vihar,750.0,424.33963,466.3451
2026-01-18 22:00,Anand_Vihar,750.0,424.29343,470.6281
2026-01-18 23:00,Anand_Vihar,750.0,422.35638,413.52206
2026-01-19 00:00,Anand_Vihar,750.0,387.34048,458.34912
2026-01-19 01:00,Anand_Vihar,580.42,388.15765,333.7948
2026-01-19 02:00,Anand_Vihar,329.58,211.20335,174.98389
2026-01-19 03:00,Anand_Vihar,160.52,173.39732,168.00667
2026-01-19 04:00,Anand_Vihar,192.18,160.24376,122.156456
2026-01-19 05:00,Anand_Vihar,104.52,54.08001,53.36744
2026-01-19 06:00,Anand_Vihar,87.45,78.954834,67.23156
2026-01-19 07:00,Anand_Vihar,113.23,76.29298,62.85322
2026-01-19 08:00,Anand_Vihar,108.87,79.696915,68.209236
2026-01-19 09:00,Anand_Vihar,92.47,86.396324,69.82055
2026-01-19 10:00,Anand_Vihar,122.27,107.14096,105.20521
2026-01-19 11:00,Anand_Vihar,315.09,181.06648,165.62415
2026-01-19 12:00,Anand_Vihar,334.11,274.73343,214.08846
2026-01-19 13:00,Anand_Vihar,411.48,294.04208,377.404
2026-01-19 14:00,Anand_Vihar,750.0,434.7853,429.5719
2026-01-19 15:00,Anand_Vihar,750.0,436.31473,454.17902
2026-01-19 16:00,Anand_Vihar,750.0,424.53513,434.19165
2026-01-19 17:00,Anand_Vihar,750.0,432.94925,452.3165
2026-01-19 18:00,Anand_Vihar,750.0,471.32483,440.879
2026-01-19 19:00,Anand_Vihar,750.0,466.1564,487.88586
2026-01-19 20:00,Anand_Vihar,750.0,423.96503,465.80362
2026-01-19 21:00,Anand_Vihar,750.0,424.63983,424.13428
2026-01-19 22:00,Anand_Vihar,750.0,484.73834,439.93097
2026-01-19 23:00,Anand_Vihar,750.0,433.6669,417.13034
2026-01-20 00:00,Anand_Vihar,750.0,385.81448,416.28735
2026-01-20 01:00,Anand_Vihar,362.39,411.4059,343.6247
2026-01-20 02:00,Anand_Vihar,313.4,155.97575,137.2377
2026-01-20 03:00,Anand_Vihar,214.77,151.65805,138.76855
2026-01-20 04:00,Anand_Vihar,173.33,132.8271,111.34376
2026-01-20 05:00,Anand_Vihar,128.6,98.74074,65.91888
2026-01-20 06:00,Anand_Vihar,73.62,94.99595,63.113285
2026-01-20 07:00,Anand_Vihar,74.62,95.43909,60.84384
2026-01-20 08:00,Anand_Vihar,138.43,76.05882,63.816475
2026-01-20 09:00,Anand_Vihar,96.36,89.37302,73.46758
2026-01-20 10:00,Anand_Vihar,117.87,107.08339,91.22164
2026-01-20 11:00,Anand_Vihar,231.95,188.90509,157.39236
2026-01-20 12:00,Anand_Vihar,224.19,247.49123,210.14203
2026-01-20 13:00,Anand_Vihar,387.93,303.75714,383.5056
2026-01-20 14:00,Anand_Vihar,750.0,407.1534,455.20688
2026-01-20 15:00,Anand_Vihar,750.0,464.1552,423.80505
2026-01-20 16:00,Anand_Vihar,750.0,440.86835,435.85593
2026-01-20 17:00,Anand_Vihar,750.0,408.66324,499.2565
2026-01-20 18:00,Anand_Vihar,750.0,449.69135,501.50912
2026-01-20 19:00,Anand_Vihar,750.0,478.88968,488.17798
2026-01-20 20:00,Anand_Vihar,750.0,476.6977,431.4156
2026-01-20 21:00,Anand_Vihar,750.0,423.3942,421.16193
2026-01-20 22:00,Anand_Vihar,750.0,423.0507,424.2045
2026-01-20 23:00,Anand_Vihar,750.0,423.82617,460.10294
2026-01-21 00:00,Anand_Vihar,750.0,387.9989,416.05847
2026-01-21 01:00,Anand_Vihar,428.67,352.53632,331.7402
2026-01-21 02:00,Anand_Vihar,277.79,161.49261,139.61478
2026-01-21 03:00,Anand_Vihar,187.61,129.93747,119.174576
2026-01-21 04:00,Anand_Vihar,150.36,106.19538,90.08704
2026-01-21 05:00,Anand_Vihar,82.09,76.23696,60.163868
2026-01-21 06:00,Anand_Vihar,96.08,68.29624,59.694717
2026-01-21 07:00,Anand_Vihar,113.66,91.57686,58.553505
2026-01-21 08:00,Anand_Vihar,66.77,91.76631,59.607635
2026-01-21 09:00,Anand_Vihar,106.6,80.67388,67.35569
2026-01-21 10:00,Anand_Vihar,156.41,90.97303,74.835396
2026-01-21 11:00,Anand_Vihar,228.12,177.42451,167.9453
2026-01-21 12:00,Anand_Vihar,297.43,191.72366,182.0285
2026-01-21 13:00,Anand_Vihar,352.24,381.17828,371.95624
2026-01-21 14:00,Anand_Vihar,750.0,432.0455,432.36786
2026-01-21 15:00,Anand_Vihar,750.0,459.69388,450.73245
2026-01-21 16:00,Anand_Vihar,750.0,452.77307,451.15717
2026-01-21 17:00,Anand_Vihar,750.0,478.36014,500.29205
2026-01-21 18:00,Anand_Vihar,750.0,468.29294,441.66037
2026-01-21 19:00,Anand_Vihar,750.0,484.8899,451.32025
2026-01-21 20:00,Anand_Vihar,750.0,479.8838,418.75064
2026-01-21 21:00,Anand_Vihar,750.0,424.29654,425.55988
2026-01-21 22:00,Anand_Vihar,750.0,434.90964,425.09027
2026-01-21 23:00,Anand_Vihar,750.0,423.6497,453.48233
2026-01-22 00:00,Anand_Vihar,750.0,390.00214,409.31195
2026-01-22 01:00,Anand_Vihar,455.72,306.55417,290.02353
2026-01-22 02:00,Anand_Vihar,297.92,151.77647,130.62502
2026-01-22 03:00,Anand_Vihar,167.54,139.0899,122.704765
2026-01-22 04:00,Anand_Vihar,195.42,111.11277,93.656654
2026-01-22 05:00,Anand_Vihar,101.72,75.71585,63.54059
2026-01-22 06:00,Anand_Vihar,93.63,85.36988,52.65454
2026-01-22 07:00,Anand_Vihar,104.79,70.16742,56.832626
2026-01-22 08:00,Anand_Vihar,105.26,72.13502,61.341724
2026-01-22 09:00,Anand_Vihar,108.67,81.01074,66.26146
2026-01-22 10:00,Anand_Vihar,110.41,92.687836,86.98241
2026-01-22 11:00,Anand_Vihar,185.8,172.35686,163.21797
2026-01-22 12:00,Anand_Vihar,264.53,218.6516,179.25471
2026-01-22 13:00,Anand_Vihar,433.13,424.10345,394.60672
2026-01-22 14:00,Anand_Vihar,750.0,426.20303,435.79538
2026-01-22 15:00,Anand_Vihar,750.0,433.1528,449.49677
2026-01-22 16:00,Anand_Vihar,750.0,443.28937,498.2846
2026-01-22 17:00,Anand_Vihar,750.0,456.50085,439.1946
2026-01-22 18:00,Anand_Vihar,750.0,473.01578,521.9248
2026-01-22 19:00,Anand_Vihar,750.0,466.61816,441.2304
2026-01-22 20:00,Anand_Vihar,750.0,429.811,458.28378
2026-01-22 21:00,Anand_Vihar,750.0,484.9592,427.86157
2026-01-22 22:00,Anand_Vihar,750.0,417.91858,465.55136
2026-01-22 23:00,Anand_Vihar,750.0,479.04956,437.44278
2026-01-23 00:00,Anand_Vihar,750.0,443.49158,412.41083
2026-01-23 01:00,Anand_Vihar,371.01,294.8331,280.7912
2026-01-23 02:00,Anand_Vihar,194.19,164.90205,142.49466
2026-01-23 03:00,Anand_Vihar,187.85,149.00986,133.16376
2026-01-23 04:00,Anand_Vihar,162.39,146.09924,102.84448
2026-01-23 05:00,Anand_Vihar,116.78,70.95826,51.048096
2026-01-23 06:00,Anand_Vihar,108.25,91.13094,60.084934
2026-01-23 07:00,Anand_Vihar,90.65,68.65979,55.389442
2026-01-23 08:00,Anand_Vihar,115.36,97.84339,61.526333
2026-01-23 09:00,Anand_Vihar,90.52,79.8426,66.80216
2026-01-23 10:00,Anand_Vihar,87.7,92.220184,76.159706
2026-01-23 11:00,Anand_Vihar,291.84,158.99266,143.69907
2026-01-23 12:00,Anand_Vihar,370.53,194.23358,175.04095
2026-01-23 13:00,Anand_Vihar,521.01,330.22858,416.28372
2026-01-23 14:00,Anand_Vihar,750.0,431.58694,464.09186
2026-01-23 15:00,Anand_Vihar,750.0,440.76114,465.68817
2026-01-23 16:00,Anand_Vihar,750.0,429.66394,450.94196
2026-01-23 17:00,Anand_Vihar,750.0,438.50525,420.06415
2026-01-23 18:00,Anand_Vihar,750.0,462.98056,485.7764
2026-01-23 19:00,Anand_Vihar,750.0,461.6692,440.10568
2026-01-23 20:00,Anand_Vihar,750.0,426.1263,402.14557
2026-01-23 21:00,Anand_Vihar,750.0,484.3313,428.7094
2026-01-23 22:00,Anand_Vihar,750.0,422.87784,421.45193
2026-01-23 23:00,Anand_Vihar,750.0,423.2676,406.64185
2026-01-24 00:00,Anand_Vihar,750.0,447.91415,438.95392
2026-01-24 01:00,Anand_Vihar,407.89,297.63995,263.92035
2026-01-24 02:00,Anand_Vihar,218.82,175.01947,154.46887
2026-01-24 03:00,Anand_Vihar,212.95,165.13304,117.9261
2026-01-24 04:00,Anand_Vihar,139.87,119.69882,102.77752
2026-01-24 05:00,Anand_Vihar,71.3,94.37214,63.136887
2026-01-24 06:00,Anand_Vihar,77.43,72.39768,57.579662
2026-01-24 07:00,Anand_Vihar,110.85,73.75881,60.520546
2026-01-24 08:00,Anand_Vihar,94.21,82.28893,68.19797
2026-01-24 09:00,Anand_Vihar,110.86,108.224304,73.78573
2026-01-24 10:00,Anand_Vihar,158.88,104.88668,89.6763
2026-01-24 11:00,Anand_Vihar,197.95,206.33937,185.08142
2026-01-24 12:00,Anand_Vihar,278.81,241.80458,234.95192
2026-01-24 13:00,Anand_Vihar,396.1,292.3992,315.18002
2026-01-24 14:00,Anand_Vihar,750.0,458.04123,448.9573
2026-01-24 15:00,Anand_Vihar,750.0,427.68314,462.63144
2026-01-24 16:00,Anand_Vihar,750.0,451.75952,450.7319
2026-01-24 17:00,Anand_Vihar,750.0,467.91815,480.42447
2026-01-24 18:00,Anand_Vihar,750.0,464.4757,485.41663
2026-01-24 19:00,Anand_Vihar,750.0,495.8406,452.76822
2026-01-24 20:00,Anand_Vihar,750.0,418.67526,464.7281
2026-01-24 21:00,Anand_Vihar,750.0,484.93948,439.88702
2026-01-24 22:00,Anand_Vihar,750.0,488.83618,438.68634
2026-01-24 23:00,Anand_Vihar,750.0,481.20776,432.67575
2026-01-25 00:00,Anand_Vihar,750.0,381.7923,403.94305
2026-01-25 01:00,Anand_Vihar,447.97,306.08762,277.98935
2026-01-25 02:00,Anand_Vihar,234.62,176.12436,139.04904
2026-01-25 03:00,Anand_Vihar,163.88,132.16,118.370384
2026-01-25 04:00,Anand_Vihar,141.79,110.39176,94.63967
2026-01-25 05:00,Anand_Vihar,87.1,72.882,62.103764
2026-01-25 06:00,Anand_Vihar,91.53,74.27187,57.831387
2026-01-25 07:00,Anand_Vihar,82.07,71.22026,57.0088
2026-01-25 08:00,Anand_Vihar,103.52,73.89937,59.297943
2026-01-25 09:00,Anand_Vihar,107.56,84.540985,64.78512
2026-01-25 10:00,Anand_Vihar,112.53,90.78631,89.567116
2026-01-25 11:00,Anand_Vihar,191.39,158.34523,134.5434
2026-01-25 12:00,Anand_Vihar,312.43,176.99329,179.92822
2026-01-25 13:00,Anand_Vihar,615.38,326.98013,386.80612
2026-01-25 14:00,Anand_Vihar,750.0,420.7737,435.06534
2026-01-25 15:00,Anand_Vihar,750.0,463.71906,450.70618
2026-01-25 16:00,Anand_Vihar,750.0,452.63037,463.13058
2026-01-25 17:00,Anand_Vihar,750.0,433.84958,437.16296
2026-01-25 18:00,Anand_Vihar,750.0,477.068,451.0972
2026-01-25 19:00,Anand_Vihar,750.0,463.92892,442.35733
2026-01-25 20:00,Anand_Vihar,750.0,487.24213,441.25638
2026-01-25 21:00,Anand_Vihar,750.0,481.05383,426.3302
2026-01-25 22:00,Anand_Vihar,750.0,423.51654,467.02463
2026-01-25 23:00,Anand_Vihar,648.96,418.47833,414.0938
2026-01-26 00:00,Anand_Vihar,750.0,439.3098,415.84018
2026-01-26 01:00,Anand_Vihar,665.93,258.71375,217.2965
2026-01-26 02:00,Anand_Vihar,297.85,174.49435,129.25424
2026-01-26 03:00,Anand_Vihar,168.28,135.42073,118.72266
2026-01-26 04:00,Anand_Vihar,179.54,139.90573,117.46058
2026-01-26 05:00,Anand_Vihar,89.16,73.046524,56.944054
2026-01-26 06:00,Anand_Vihar,106.2,70.31664,56.62404
2026-01-26 07:00,Anand_Vihar,103.47,95.74226,61.659073
2026-01-26 08:00,Anand_Vihar,115.91,81.933014,68.597984
2026-01-26 09:00,Anand_Vihar,108.28,88.07308,72.470924
2026-01-26 10:00,Anand_Vihar,135.7,101.86521,99.08651
2026-01-26 11:00,Anand_Vihar,256.67,246.45238,216.89325
2026-01-26 12:00,Anand_Vihar,332.58,274.42297,217.18082
2026-01-26 13:00,Anand_Vihar,398.95,347.11066,338.00555
2026-01-26 14:00,Anand_Vihar,750.0,448.00113,446.88855
2026-01-26 15:00,Anand_Vihar,750.0,457.8755,455.75095
2026-01-26 16:00,Anand_Vihar,750.0,432.7544,433.8766
2026-01-26 17:00,Anand_Vihar,750.0,457.76495,532.36584
2026-01-26 18:00,Anand_Vihar,750.0,473.1293,487.84125
2026-01-26 19:00,Anand_Vihar,750.0,502.47836,439.04156
2026-01-26 20:00,Anand_Vihar,750.0,409.80646,418.97946
2026-01-26 21:00,Anand_Vihar,750.0,422.77875,426.46613
2026-01-26 22:00,Anand_Vihar,750.0,427.00674,425.21848
2026-01-26 23:00,Anand_Vihar,750.0,429.96384,450.49567
2026-01-27 00:00,Anand_Vihar,750.0,450.78784,459.09927
2026-01-27 01:00,Anand_Vihar,353.18,412.1146,359.53882
2026-01-27 02:00,Anand_Vihar,224.06,190.41916,161.84991
2026-01-27 03:00,Anand_Vihar,181.39,150.18774,134.70001
2026-01-27 04:00,Anand_Vihar,154.14,125.60276,102.32287
2026-01-27 05:00,Anand_Vihar,69.69,89.30961,72.95403
2026-01-27 06:00,Anand_Vihar,91.38,76.84488,61.36878
2026-01-27 07:00,Anand_Vihar,83.11,73.092384,58.50826
2026-01-27 08:00,Anand_Vihar,119.43,72.18631,60.548603
2026-01-27 09:00,Anand_Vihar,96.13,82.64133,67.54371
2026-01-27 10:00,Anand_Vihar,122.12,113.8377,83.16632
2026-01-27 11:00,Anand_Vihar,240.36,181.00302,151.60127
2026-01-27 12:00,Anand_Vihar,334.49,196.58838,216.82445
2026-01-27 13:00,Anand_Vihar,463.36,322.8189,384.18466
2026-01-27 14:00,Anand_Vihar,750.0,454.50067,450.74625
2026-01-27 15:00,Anand_Vihar,750.0,439.28778,474.09973
2026-01-27 16:00,Anand_Vihar,750.0,427.19244,430.53186
2026-01-27 17:00,Anand_Vihar,750.0,466.34857,479.29706
2026-01-27 18:00,Anand_Vihar,750.0,472.48245,489.67715
2026-01-27 19:00,Anand_Vihar,750.0,467.87326,451.92715
2026-01-27 20:00,Anand_Vihar,750.0,428.56686,460.36575
2026-01-27 21:00,Anand_Vihar,750.0,420.9407,420.4588
2026-01-27 22:00,Anand_Vihar,750.0,434.4241,466.08765
2026-01-27 23:00,Anand_Vihar,750.0,483.31073,443.08212
2026-01-28 00:00,Anand_Vihar,750.0,379.04608,421.68073
2026-01-28 01:00,Anand_Vihar,379.87,309.58145,268.29913
2026-01-28 02:00,Anand_Vihar,299.17,164.67915,137.5995
2026-01-28 03:00,Anand_Vihar,186.69,153.95744,136.71764
2026-01-28 04:00,Anand_Vihar,172.29,104.59624,86.765045
2026-01-28 05:00,Anand_Vihar,104.7,69.51276,56.211823
2026-01-28 06:00,Anand_Vihar,108.58,64.89185,61.342552
2026-01-28 07:00,Anand_Vihar,99.54,68.69981,56.75249
2026-01-28 08:00,Anand_Vihar,103.92,72.71335,62.168777
2026-01-28 09:00,Anand_Vihar,134.09,82.55929,66.317566
2026-01-28 10:00,Anand_Vihar,123.7,89.36235,78.9249
2026-01-28 11:00,Anand_Vihar,316.08,173.99586,157.14786
2026-01-28 12:00,Anand_Vihar,297.54,191.52629,181.92274
2026-01-28 13:00,Anand_Vihar,457.68,330.64413,394.94913
2026-01-28 14:00,Anand_Vihar,750.0,448.77472,432.4239
2026-01-28 15:00,Anand_Vihar,750.0,436.6899,425.8512
2026-01-28 16:00,Anand_Vihar,750.0,475.77405,441.86023
2026-01-28 17:00,Anand_Vihar,750.0,455.66675,488.97018
2026-01-10 22:00,Mandir_Marg,750.0,409.24814,419.26266
2026-01-10 23:00,Mandir_Marg,750.0,429.9211,471.0988
2026-01-11 00:00,Mandir_Marg,750.0,353.15817,416.17578
2026-01-11 01:00,Mandir_Marg,383.15,257.17325,204.7238
2026-01-11 02:00,Mandir_Marg,181.72,136.49063,125.79855
2026-01-11 03:00,Mandir_Marg,172.67,110.52121,101.276
2026-01-11 04:00,Mandir_Marg,126.22,104.17989,79.60034
2026-01-11 05:00,Mandir_Marg,68.05,64.3628,44.430687
2026-01-11 06:00,Mandir_Marg,74.03,54.22245,43.543766
2026-01-11 07:00,Mandir_Marg,57.95,56.6822,46.268257
2026-01-11 08:00,Mandir_Marg,60.18,60.472496,48.097576
2026-01-11 09:00,Mandir_Marg,84.66,65.549675,52.347225
2026-01-11 10:00,Mandir_Marg,103.01,72.32322,65.660286
2026-01-11 11:00,Mandir_Marg,208.31,132.735,119.463005
2026-01-11 12:00,Mandir_Marg,284.94,155.55318,157.32301
2026-01-11 13:00,Mandir_Marg,488.73,264.0723,248.62227
2026-01-11 14:00,Mandir_Marg,750.0,449.54074,432.5915
2026-01-11 15:00,Mandir_Marg,750.0,447.80453,435.97943
2026-01-11 16:00,Mandir_Marg,750.0,420.3104,440.93634
2026-01-11 17:00,Mandir_Marg,750.0,441.87924,435.7445
2026-01-11 18:00,Mandir_Marg,750.0,464.88727,439.30325
2026-01-11 19:00,Mandir_Marg,750.0,460.3476,433.0514
2026-01-11 20:00,Mandir_Marg,750.0,422.35345,417.49228
2026-01-11 21:00,Mandir_Marg,750.0,473.6532,429.7974
2026-01-11 22:00,Mandir_Marg,750.0,422.1451,445.4072
2026-01-11 23:00,Mandir_Marg,750.0,487.64804,438.35468
2026-01-12 00:00,Mandir_Marg,670.93,373.33188,412.3176
2026-01-12 01:00,Mandir_Marg,289.92,264.79163,239.05557
2026-01-12 02:00,Mandir_Marg,166.8,144.50565,130.65254
2026-01-12 03:00,Mandir_Marg,151.72,114.54796,113.04185
2026-01-12 04:00,Mandir_Marg,135.65,102.56154,89.67037
2026-01-12 05:00,Mandir_Marg,66.19,70.74386,57.683334
2026-01-12 06:00,Mandir_Marg,59.77,61.870766,53.180733
2026-01-12 07:00,Mandir_Marg,66.4,84.920616,52.122704
2026-01-12 08:00,Mandir_Marg,62.45,65.98675,55.106606
2026-01-12 09:00,Mandir_Marg,88.28,72.438675,57.22778
2026-01-12 10:00,Mandir_Marg,108.64,98.9743,77.5869
2026-01-12 11:00,Mandir_Marg,199.89,145.40009,126.2249
2026-01-12 12:00,Mandir_Marg,232.46,176.44765,165.80989
2026-01-12 13:00,Mandir_Marg,442.4,255.1588,296.77246
2026-01-12 14:00,Mandir_Marg,750.0,423.7279,429.3867
2026-01-12 15:00,Mandir_Marg,750.0,429.19528,449.46664
2026-01-12 16:00,Mandir_Marg,750.0,424.47974,444.20676
2026-01-12 17:00,Mandir_Marg,685.98,431.79828,428.09116
2026-01-12 18:00,Mandir_Marg,750.0,468.57605,457.4118
2026-01-12 19:00,Mandir_Marg,612.07,458.9299,449.25763
2026-01-12 20:00,Mandir_Marg,750.0,433.26532,460.69385
2026-01-12 21:00,Mandir_Marg,750.0,421.96646,467.11005
2026-01-12 22:00,Mandir_Marg,750.0,484.41595,450.3288
2026-01-12 23:00,Mandir_Marg,750.0,417.8095,409.4497
2026-01-13 00:00,Mandir_Marg,750.0,360.62305,395.5261
2026-01-13 01:00,Mandir_Marg,316.11,209.13338,198.84268
2026-01-13 02:00,Mandir_Marg,175.69,134.74788,128.33794
2026-01-13 03:00,Mandir_Marg,174.69,112.771484,102.239044
2026-01-13 04:00,Mandir_Marg,123.26,99.90623,77.42343
2026-01-13 05:00,Mandir_Marg,61.67,78.21873,53.792564
2026-01-13 06:00,Mandir_Marg,63.67,56.429512,47.325092
2026-01-13 07:00,Mandir_Marg,77.11,58.012436,43.52554
2026-01-13 08:00,Mandir_Marg,87.71,80.119255,48.785984
2026-01-13 09:00,Mandir_Marg,55.61,83.90373,50.989643
2026-01-13 10:00,Mandir_Marg,83.11,76.10515,71.21874
2026-01-13 11:00,Mandir_Marg,191.71,128.65872,107.47973
2026-01-13 12:00,Mandir_Marg,201.75,169.65929,169.76285
2026-01-13 13:00,Mandir_Marg,280.47,222.89798,245.3793
2026-01-13 14:00,Mandir_Marg,750.0,440.9653,444.85834
2026-01-13 15:00,Mandir_Marg,750.0,450.98117,415.50397
2026-01-13 16:00,Mandir_Marg,750.0,429.78656,437.42032
2026-01-13 17:00,Mandir_Marg,743.78,439.9559,475.5947
2026-01-13 18:00,Mandir_Marg,750.0,468.8084,493.40796
2026-01-13 19:00,Mandir_Marg,750.0,465.68253,482.37668
2026-01-13 20:00,Mandir_Marg,750.0,427.21246,410.98074
2026-01-13 21:00,Mandir_Marg,750.0,422.01328,427.27832
2026-01-13 22:00,Mandir_Marg,750.0,418.76306,455.96167
2026-01-13 23:00,Mandir_Marg,750.0,413.15033,408.8033
2026-01-14 00:00,Mandir_Marg,750.0,378.01715,395.8513
2026-01-14 01:00,Mandir_Marg,362.78,251.3725,244.81557
2026-01-14 02:00,Mandir_Marg,206.81,131.63875,121.85869
2026-01-14 03:00,Mandir_Marg,133.85,123.87831,115.02814
2026-01-14 04:00,Mandir_Marg,91.18,82.84693,72.18335
2026-01-14 05:00,Mandir_Marg,62.35,59.06875,45.58205
2026-01-14 06:00,Mandir_Marg,73.44,59.4881,56.756966
2026-01-14 07:00,Mandir_Marg,70.64,59.49024,50.112007
2026-01-14 08:00,Mandir_Marg,75.29,59.91323,53.01781
2026-01-14 09:00,Mandir_Marg,99.93,67.58003,51.98398
2026-01-14 10:00,Mandir_Marg,86.9,82.50058,75.6714
2026-01-14 11:00,Mandir_Marg,200.51,169.10835,143.11662
2026-01-14 12:00,Mandir_Marg,334.22,205.75357,175.48756
2026-01-14 13:00,Mandir_Marg,310.96,256.52295,250.83899
2026-01-14 14:00,Mandir_Marg,750.0,427.3166,441.30597
2026-01-14 15:00,Mandir_Marg,750.0,423.83557,446.01968
2026-01-14 16:00,Mandir_Marg,750.0,423.2354,428.35498
2026-01-14 17:00,Mandir_Marg,750.0,422.9829,474.8947
2026-01-14 18:00,Mandir_Marg,750.0,471.4708,486.09622
2026-01-14 19:00,Mandir_Marg,750.0,469.5669,465.63843
2026-01-14 20:00,Mandir_Marg,750.0,419.50595,461.71777
2026-01-14 21:00,Mandir_Marg,750.0,424.19962,421.04343
2026-01-14 22:00,Mandir_Marg,750.0,409.52155,456.7637
2026-01-14 23:00,Mandir_Marg,750.0,482.2256,433.51273
2026-01-15 00:00,Mandir_Marg,750.0,358.10086,443.97815
2026-01-15 01:00,Mandir_Marg,345.19,293.17966,255.81587
2026-01-15 02:00,Mandir_Marg,244.23,156.86519,150.53035
2026-01-15 03:00,Mandir_Marg,138.05,116.133766,104.64995
2026-01-15 04:00,Mandir_Marg,125.77,132.73604,108.21784
2026-01-15 05:00,Mandir_Marg,61.16,69.77308,53.60223
2026-01-15 06:00,Mandir_Marg,60.43,59.959713,44.91849
2026-01-15 07:00,Mandir_Marg,69.24,63.131096,53.15455
2026-01-15 08:00,Mandir_Marg,83.62,68.40332,54.81072
2026-01-15 09:00,Mandir_Marg,53.17,69.65028,61.05798
2026-01-15 10:00,Mandir_Marg,73.43,81.52801,76.80364
2026-01-15 11:00,Mandir_Marg,242.98,159.11633,143.33112
2026-01-15 12:00,Mandir_Marg,274.13,196.13739,177.65596
2026-01-15 13:00,Mandir_Marg,519.62,275.0133,289.8494
2026-01-15 14:00,Mandir_Marg,750.0,446.85278,443.5235
2026-01-15 15:00,Mandir_Marg,750.0,458.5373,466.37955
2026-01-15 16:00,Mandir_Marg,750.0,407.3462,417.12305
2026-01-15 17:00,Mandir_Marg,750.0,418.63058,457.90924
2026-01-15 18:00,Mandir_Marg,750.0,430.45676,434.9647
2026-01-15 19:00,Mandir_Marg,750.0,460.8327,417.74927
2026-01-15 20:00,Mandir_Marg,705.35,438.72363,411.45724
2026-01-15 21:00,Mandir_Marg,750.0,421.8216,468.7663
2026-01-15 22:00,Mandir_Marg,750.0,423.84424,468.8048
2026-01-15 23:00,Mandir_Marg,750.0,426.68326,415.7444
2026-01-16 00:00,Mandir_Marg,750.0,444.1944,424.48102
2026-01-16 01:00,Mandir_Marg,393.63,290.90088,261.85587
2026-01-16 02:00,Mandir_Marg,170.47,153.7105,142.35828
2026-01-16 03:00,Mandir_Marg,167.88,156.83476,126.35509
2026-01-16 04:00,Mandir_Marg,87.14,104.7264,88.965096
2026-01-16 05:00,Mandir_Marg,87.02,73.40104,59.183784
2026-01-16 06:00,Mandir_Marg,54.32,86.628395,52.977
2026-01-16 07:00,Mandir_Marg,58.96,82.8662,51.55714
2026-01-16 08:00,Mandir_Marg,95.9,65.58469,53.601627
2026-01-16 09:00,Mandir_Marg,78.77,72.115,58.65915
2026-01-16 10:00,Mandir_Marg,120.22,102.459656,76.50986
2026-01-16 11:00,Mandir_Marg,179.37,143.63385,139.22751
2026-01-16 12:00,Mandir_Marg,186.26,222.7121,174.1957
2026-01-16 13:00,Mandir_Marg,337.18,262.40945,222.81317
2026-01-16 14:00,Mandir_Marg,750.0,433.97104,438.73468
2026-01-16 15:00,Mandir_Marg,750.0,402.87305,428.3431
2026-01-16 16:00,Mandir_Marg,668.25,425.37628,429.3414
2026-01-16 17:00,Mandir_Marg,750.0,432.14264,431.74896
2026-01-16 18:00,Mandir_Marg,750.0,465.8669,482.6502
2026-01-16 19:00,Mandir_Marg,750.0,477.96304,452.8088
2026-01-16 20:00,Mandir_Marg,602.34,450.16238,407.5448
2026-01-16 21:00,Mandir_Marg,750.0,424.41632,422.7516
2026-01-16 22:00,Mandir_Marg,750.0,417.9318,462.27515
2026-01-16 23:00,Mandir_Marg,750.0,431.2978,451.54517
2026-01-17 00:00,Mandir_Marg,750.0,374.23993,434.67914
2026-01-17 01:00,Mandir_Marg,387.77,241.14604,216.60635
2026-01-17 02:00,Mandir_Marg,193.63,137.06416,125.6435
2026-01-17 03:00,Mandir_Marg,114.44,112.52086,98.08427
2026-01-17 04:00,Mandir_Marg,142.24,98.14285,78.89909
2026-01-17 05:00,Mandir_Marg,74.48,68.59919,55.855343
2026-01-17 06:00,Mandir_Marg,52.31,55.439423,45.33855
2026-01-17 07:00,Mandir_Marg,71.49,57.816605,45.94049
2026-01-17 08:00,Mandir_Marg,57.71,60.808826,50.157146
2026-01-17 09:00,Mandir_Marg,71.76,66.1182,63.216335
2026-01-17 10:00,Mandir_Marg,84.37,78.06998,68.70407
2026-01-17 11:00,Mandir_Marg,202.86,138.8822,123.73994
2026-01-17 12:00,Mandir_Marg,199.11,189.58676,185.30069
2026-01-17 13:00,Mandir_Marg,545.03,303.2864,316.77972
2026-01-17 14:00,Mandir_Marg,743.94,453.8601,443.3713
2026-01-17 15:00,Mandir_Marg,750.0,411.2512,426.01392
2026-01-17 16:00,Mandir_Marg,739.29,436.2399,433.19434
2026-01-17 17:00,Mandir_Marg,750.0,423.09705,430.94623
2026-01-17 18:00,Mandir_Marg,750.0,464.2212,492.1043
2026-01-17 19:00,Mandir_Marg,750.0,469.83878,429.6578
2026-01-17 20:00,Mandir_Marg,750.0,427.12408,453.03677
2026-01-17 21:00,Mandir_Marg,750.0,418.48132,402.3665
2026-01-17 22:00,Mandir_Marg,715.99,415.8104,459.7153
2026-01-17 23:00,Mandir_Marg,750.0,414.83353,406.04153
2026-01-18 00:00,Mandir_Marg,743.22,350.9306,435.31082
2026-01-18 01:00,Mandir_Marg,294.54,230.84212,205.48512
2026-01-18 02:00,Mandir_Marg,163.89,164.06822,154.98369
2026-01-18 03:00,Mandir_Marg,143.15,122.3802,111.99886
2026-01-18 04:00,Mandir_Marg,103.59,98.37422,85.206154
2026-01-18 05:00,Mandir_Marg,87.51,74.89967,61.578968
2026-01-18 06:00,Mandir_Marg,76.46,64.23853,56.221966
2026-01-18 07:00,Mandir_Marg,91.09,60.202286,47.815304
2026-01-18 08:00,Mandir_Marg,69.98,60.44871,49.36062
2026-01-18 09:00,Mandir_Marg,83.75,65.79199,53.199444
2026-01-18 10:00,Mandir_Marg,107.7,76.3495,70.12049
2026-01-18 11:00,Mandir_Marg,213.75,141.65941,131.36842
2026-01-18 12:00,Mandir_Marg,243.0,171.6643,155.60953
2026-01-18 13:00,Mandir_Marg,592.07,250.5409,275.0267
2026-01-18 14:00,Mandir_Marg,750.0,409.62573,452.07327
2026-01-18 15:00,Mandir_Marg,750.0,460.86057,473.69934
2026-01-18 16:00,Mandir_Marg,749.32,449.66458,434.63724
2026-01-18 17:00,Mandir_Marg,750.0,433.87625,424.97635
2026-01-18 18:00,Mandir_Marg,750.0,449.00067,440.96414
2026-01-18 19:00,Mandir_Marg,750.0,485.1693,490.27374
2026-01-18 20:00,Mandir_Marg,750.0,424.24658,401.59097
2026-01-18 21:00,Mandir_Marg,750.0,487.73984,420.31357
2026-01-18 22:00,Mandir_Marg,750.0,424.1017,425.7239
2026-01-18 23:00,Mandir_Marg,750.0,419.80807,416.97275
2026-01-19 00:00,Mandir_Marg,750.0,365.26666,394.0585
2026-01-19 01:00,Mandir_Marg,249.6,263.41382,238.14655
2026-01-19 02:00,Mandir_Marg,157.64,155.10895,144.84238
2026-01-19 03:00,Mandir_Marg,132.77,125.243576,113.46051
2026-01-19 04:00,Mandir_Marg,101.82,103.8365,88.94126
2026-01-19 05:00,Mandir_Marg,59.31,67.832275,57.761982
2026-01-19 06:00,Mandir_Marg,77.43,62.51993,49.55868
2026-01-19 07:00,Mandir_Marg,66.73,63.590557,52.164246
2026-01-19 08:00,Mandir_Marg,77.71,69.01669,56.15953
2026-01-19 09:00,Mandir_Marg,55.87,72.95293,68.35342
2026-01-19 10:00,Mandir_Marg,92.72,79.85709,80.632904
2026-01-19 11:00,Mandir_Marg,198.26,138.32103,117.98128
2026-01-19 12:00,Mandir_Marg,303.76,189.63194,136.04031
2026-01-19 13:00,Mandir_Marg,402.87,242.18515,227.2271
2026-01-19 14:00,Mandir_Marg,750.0,470.51236,471.28873
2026-01-19 15:00,Mandir_Marg,750.0,421.3792,371.7655
2026-01-19 16:00,Mandir_Marg,750.0,404.74283,405.12387
2026-01-19 17:00,Mandir_Marg,750.0,424.08777,431.11337
2026-01-19 18:00,Mandir_Marg,750.0,466.96848,435.71814
2026-01-19 19:00,Mandir_Marg,750.0,464.5575,436.12445
2026-01-19 20:00,Mandir_Marg,750.0,412.4441,454.54074
2026-01-19 21:00,Mandir_Marg,750.0,483.92407,427.42947
2026-01-19 22:00,Mandir_Marg,750.0,423.52786,422.2345
2026-01-19 23:00,Mandir_Marg,695.58,417.72095,465.16623
2026-01-20 00:00,Mandir_Marg,750.0,362.2992,423.16306
2026-01-20 01:00,Mandir_Marg,396.2,242.05473,205.3073
2026-01-20 02:00,Mandir_Marg,151.02,179.2832,142.01239
2026-01-20 03:00,Mandir_Marg,136.4,126.47177,89.25495
2026-01-20 04:00,Mandir_Marg,131.97,100.339455,85.06427
2026-01-20 05:00,Mandir_Marg,56.39,46.814392,46.830826
2026-01-20 06:00,Mandir_Marg,74.97,59.273598,35.73718
2026-01-20 07:00,Mandir_Marg,40.04,75.61531,42.596325
2026-01-20 08:00,Mandir_Marg,76.94,82.27861,46.973347
2026-01-20 09:00,Mandir_Marg,69.96,64.860405,62.964314
2026-01-20 10:00,Mandir_Marg,85.4,102.10253,78.24112
2026-01-20 11:00,Mandir_Marg,213.53,145.34238,115.48876
2026-01-20 12:00,Mandir_Marg,201.04,191.63312,191.33473
2026-01-20 13:00,Mandir_Marg,389.61,218.78651,320.7227
2026-01-20 14:00,Mandir_Marg,750.0,400.88556,413.24384
2026-01-20 15:00,Mandir_Marg,750.0,412.30933,456.10098
2026-01-20 16:00,Mandir_Marg,750.0,360.42307,405.35748
2026-01-20 17:00,Mandir_Marg,750.0,446.47638,444.51422
2026-01-20 18:00,Mandir_Marg,593.58,447.85217,493.25696
2026-01-20 19:00,Mandir_Marg,750.0,466.98633,448.38116
2026-01-20 20:00,Mandir_Marg,750.0,422.3841,458.4762
2026-01-20 21:00,Mandir_Marg,750.0,422.37982,420.80344
2026-01-20 22:00,Mandir_Marg,750.0,422.28293,468.98874
2026-01-20 23:00,Mandir_Marg,750.0,420.98502,416.421
2026-01-21 00:00,Mandir_Marg,581.57,403.1182,389.19666
2026-01-21 01:00,Mandir_Marg,313.22,238.426,208.99362
2026-01-21 02:00,Mandir_Marg,220.65,132.34007,117.62804
2026-01-21 03:00,Mandir_Marg,126.35,143.29042,136.67871
2026-01-21 04:00,Mandir_Marg,123.56,95.84454,85.39003
2026-01-21 05:00,Mandir_Marg,72.3,67.23854,56.656567
2026-01-21 06:00,Mandir_Marg,46.9,56.043392,44.402855
2026-01-21 07:00,Mandir_Marg,65.34,57.466343,47.579453
2026-01-21 08:00,Mandir_Marg,61.04,81.04727,50.1191
2026-01-21 09:00,Mandir_Marg,77.53,86.23935,50.875954
2026-01-21 10:00,Mandir_Marg,82.78,74.084854,75.76536
2026-01-21 11:00,Mandir_Marg,228.73,144.9921,128.55354
2026-01-21 12:00,Mandir_Marg,179.57,169.11717,188.97221
2026-01-21 13:00,Mandir_Marg,304.57,199.93132,187.85791
2026-01-21 14:00,Mandir_Marg,640.01,433.7215,434.54474
2026-01-21 15:00,Mandir_Marg,750.0,428.8636,420.86823
2026-01-21 16:00,Mandir_Marg,750.0,404.29184,437.81982
2026-01-21 17:00,Mandir_Marg,747.73,418.00073,413.311
2026-01-21 18:00,Mandir_Marg,750.0,459.99066,476.11386
2026-01-21 19:00,Mandir_Marg,750.0,455.73245,480.28973
2026-01-21 20:00,Mandir_Marg,750.0,431.49597,448.68085
2026-01-21 21:00,Mandir_Marg,750.0,474.69382,447.03888
2026-01-21 22:00,Mandir_Marg,647.1,409.6498,434.63293
2026-01-21 23:00,Mandir_Marg,750.0,426.33945,473.47818
2026-01-22 00:00,Mandir_Marg,750.0,364.68143,429.41745
2026-01-22 01:00,Mandir_Marg,336.67,241.1574,245.10869
2026-01-22 02:00,Mandir_Marg,135.42,124.43106,105.33632
2026-01-22 03:00,Mandir_Marg,164.17,94.719086,87.9852
2026-01-22 04:00,Mandir_Marg,128.48,91.670166,69.69242
2026-01-22 05:00,Mandir_Marg,74.62,42.8875,44.552402
2026-01-22 06:00,Mandir_Marg,61.42,53.102318,44.20144
2026-01-22 07:00,Mandir_Marg,48.38,56.31072,44.74089
2026-01-22 08:00,Mandir_Marg,69.97,60.2345,45.516335
2026-01-22 09:00,Mandir_Marg,70.57,66.31615,51.624054
2026-01-22 10:00,Mandir_Marg,103.05,82.70809,73.694214
2026-01-22 11:00,Mandir_Marg,146.52,135.71573,119.684364
2026-01-22 12:00,Mandir_Marg,190.34,169.4659,151.36543
2026-01-22 13:00,Mandir_Marg,519.96,199.15749,279.52103
2026-01-22 14:00,Mandir_Marg,750.0,426.08124,423.7055
2026-01-22 15:00,Mandir_Marg,750.0,422.95633,448.63562
2026-01-22 16:00,Mandir_Marg,668.27,392.49933,417.247
2026-01-22 17:00,Mandir_Marg,735.5,437.68735,451.91275
2026-01-22 18:00,Mandir_Marg,750.0,457.84314,490.70648
2026-01-22 19:00,Mandir_Marg,750.0,445.92664,429.03833
2026-01-22 20:00,Mandir_Marg,750.0,418.87473,461.03796
2026-01-22 21:00,Mandir_Marg,750.0,485.84525,440.87445
2026-01-22 22:00,Mandir_Marg,750.0,409.1342,419.62454
2026-01-22 23:00,Mandir_Marg,668.06,418.64212,405.0171
2026-01-23 00:00,Mandir_Marg,494.53,364.26147,445.2685
2026-01-23 01:00,Mandir_Marg,368.63,199.99744,147.30078
2026-01-23 02:00,Mandir_Marg,187.54,124.84422,112.97304
2026-01-23 03:00,Mandir_Marg,150.65,100.64519,92.08622
2026-01-23 04:00,Mandir_Marg,118.75,89.17738,75.470764
2026-01-23 05:00,Mandir_Marg,70.6,56.531998,44.146862
2026-01-23 06:00,Mandir_Marg,50.47,57.910202,46.464188
2026-01-23 07:00,Mandir_Marg,47.68,58.671345,47.523804
2026-01-23 08:00,Mandir_Marg,62.66,61.877083,50.3521
2026-01-23 09:00,Mandir_Marg,84.69,63.74066,52.628727
2026-01-23 10:00,Mandir_Marg,105.1,95.8196,68.76131
2026-01-23 11:00,Mandir_Marg,191.48,163.30737,114.70283
2026-01-23 12:00,Mandir_Marg,175.9,154.88583,155.76334
2026-01-23 13:00,Mandir_Marg,370.39,253.10812,233.8717
2026-01-23 14:00,Mandir_Marg,750.0,439.57303,422.389
2026-01-23 15:00,Mandir_Marg,750.0,419.15573,431.5291
2026-01-23 16:00,Mandir_Marg,750.0,415.48615,418.71997
2026-01-23 17:00,Mandir_Marg,750.0,439.84674,448.14395
2026-01-23 18:00,Mandir_Marg,750.0,459.38864,504.20493
2026-01-23 19:00,Mandir_Marg,750.0,462.98206,436.7818
2026-01-23 20:00,Mandir_Marg,750.0,408.69714,419.14517
2026-01-23 21:00,Mandir_Marg,750.0,465.0547,407.16562
2026-01-23 22:00,Mandir_Marg,722.4,425.73444,422.74765
2026-01-23 23:00,Mandir_Marg,750.0,420.73703,458.8884
2026-01-24 00:00,Mandir_Marg,521.72,368.09018,369.0637
2026-01-24 01:00,Mandir_Marg,303.43,235.19888,234.05362
2026-01-24 02:00,Mandir_Marg,190.15,134.85924,113.45672
2026-01-24 03:00,Mandir_Marg,178.45,95.555084,92.050514
2026-01-24 04:00,Mandir_Marg,102.32,90.78499,66.0264
2026-01-24 05:00,Mandir_Marg,83.05,59.081352,45.835934
2026-01-24 06:00,Mandir_Marg,82.77,59.88171,49.72982
2026-01-24 07:00,Mandir_Marg,78.68,51.38475,45.174225
2026-01-24 08:00,Mandir_Marg,73.39,62.520096,49.94055
2026-01-24 09:00,Mandir_Marg,64.03,65.29824,52.48741
2026-01-24 10:00,Mandir_Marg,79.72,98.92421,72.66211
2026-01-24 11:00,Mandir_Marg,156.36,125.60868,101.035965
2026-01-24 12:00,Mandir_Marg,261.0,153.66763,131.8599
2026-01-24 13:00,Mandir_Marg,548.55,222.22086,209.91531
2026-01-24 14:00,Mandir_Marg,750.0,431.79593,433.1888
2026-01-24 15:00,Mandir_Marg,750.0,421.2711,428.0959
2026-01-24 16:00,Mandir_Marg,750.0,407.29266,434.26007
2026-01-24 17:00,Mandir_Marg,750.0,419.68964,427.51566
2026-01-24 18:00,Mandir_Marg,750.0,467.55362,493.29587
2026-01-24 19:00,Mandir_Marg,750.0,456.36237,441.91745
2026-01-24 20:00,Mandir_Marg,750.0,410.77084,415.6151
2026-01-24 21:00,Mandir_Marg,750.0,424.5515,470.4341
2026-01-24 22:00,Mandir_Marg,750.0,419.95886,461.4626
2026-01-24 23:00,Mandir_Marg,750.0,415.442,406.27206
2026-01-25 00:00,Mandir_Marg,750.0,326.90076,353.31335
2026-01-25 01:00,Mandir_Marg,296.87,220.48453,200.69316
2026-01-25 02:00,Mandir_Marg,207.67,116.06727,110.98169
2026-01-25 03:00,Mandir_Marg,144.83,106.71854,92.09684
2026-01-25 04:00,Mandir_Marg,152.17,98.80391,84.27718
2026-01-25 05:00,Mandir_Marg,70.65,80.75807,46.874405
2026-01-25 06:00,Mandir_Marg,66.48,61.926205,51.836166
2026-01-25 07:00,Mandir_Marg,65.06,85.46209,53.355717
2026-01-25 08:00,Mandir_Marg,67.08,90.312035,56.68835
2026-01-25 09:00,Mandir_Marg,94.45,72.81215,58.26178
2026-01-25 10:00,Mandir_Marg,79.18,86.06048,70.22567
2026-01-25 11:00,Mandir_Marg,148.33,141.98212,125.44459
2026-01-25 12:00,Mandir_Marg,299.19,170.36665,169.98509
2026-01-25 13:00,Mandir_Marg,296.18,242.46986,322.4908
2026-01-25 14:00,Mandir_Marg,750.0,448.41565,451.6156
2026-01-25 15:00,Mandir_Marg,750.0,459.0024,437.91403
2026-01-25 16:00,Mandir_Marg,750.0,406.29398,400.42264
2026-01-25 17:00,Mandir_Marg,750.0,426.37048,420.55286
2026-01-25 18:00,Mandir_Marg,750.0,475.77994,442.5917
2026-01-25 19:00,Mandir_Marg,750.0,465.77505,482.01013
2026-01-25 20:00,Mandir_Marg,750.0,424.7939,420.0381
2026-01-25 21:00,Mandir_Marg,728.63,422.98105,418.22488
2026-01-25 22:00,Mandir_Marg,750.0,477.25543,415.56674
2026-01-25 23:00,Mandir_Marg,750.0,411.4925,455.5575
2026-01-26 00:00,Mandir_Marg,750.0,446.57166,427.23703
2026-01-26 01:00,Mandir_Marg,317.34,251.18214,233.01314
2026-01-26 02:00,Mandir_Marg,174.88,125.46556,124.34767
2026-01-26 03:00,Mandir_Marg,169.35,115.91724,98.038635
2026-01-26 04:00,Mandir_Marg,99.33,121.520584,88.694466
2026-01-26 05:00,Mandir_Marg,81.49,67.95728,49.52786
2026-01-26 06:00,Mandir_Marg,63.65,54.340496,44.78411
2026-01-26 07:00,Mandir_Marg,68.29,57.059147,46.421432
2026-01-26 08:00,Mandir_Marg,79.76,60.74125,49.52257
2026-01-26 09:00,Mandir_Marg,97.23,62.177742,48.96132
2026-01-26 10:00,Mandir_Marg,74.94,74.220345,74.03805
2026-01-26 11:00,Mandir_Marg,155.21,131.75905,134.05676
2026-01-26 12:00,Mandir_Marg,207.96,149.87442,145.60083
2026-01-26 13:00,Mandir_Marg,255.03,239.53568,226.45628
2026-01-26 14:00,Mandir_Marg,750.0,442.7737,444.79996
2026-01-26 15:00,Mandir_Marg,750.0,439.80603,443.54675
2026-01-26 16:00,Mandir_Marg,750.0,420.823,441.83118
2026-01-26 17:00,Mandir_Marg,750.0,435.5922,435.71765
2026-01-26 18:00,Mandir_Marg,750.0,466.4452,447.8344
2026-01-26 19:00,Mandir_Marg,750.0,465.34665,437.3578
2026-01-26 20:00,Mandir_Marg,750.0,475.66357,399.06427
2026-01-26 21:00,Mandir_Marg,750.0,405.5654,459.86386
2026-01-26 22:00,Mandir_Marg,750.0,479.3612,420.634
2026-01-26 23:00,Mandir_Marg,750.0,414.56305,451.26917
2026-01-27 00:00,Mandir_Marg,684.12,390.06265,446.9472
2026-01-27 01:00,Mandir_Marg,265.51,254.4628,240.93335
2026-01-27 02:00,Mandir_Marg,150.18,132.76431,120.14939
2026-01-27 03:00,Mandir_Marg,133.12,102.8946,97.85336
2026-01-27 04:00,Mandir_Marg,131.44,83.92138,79.45312
2026-01-27 05:00,Mandir_Marg,82.99,61.386814,46.287155
2026-01-27 06:00,Mandir_Marg,79.39,52.724293,48.32259
2026-01-27 07:00,Mandir_Marg,58.02,78.33753,47.108654
2026-01-27 08:00,Mandir_Marg,68.64,61.637066,46.554474
2026-01-27 09:00,Mandir_Marg,71.07,65.22606,63.865555
2026-01-27 10:00,Mandir_Marg,79.03,95.67717,70.27228
2026-01-27 11:00,Mandir_Marg,188.6,140.04814,126.20062
2026-01-27 12:00,Mandir_Marg,220.3,186.65448,161.18541
2026-01-27 13:00,Mandir_Marg,311.43,219.74623,279.5057
2026-01-27 14:00,Mandir_Marg,750.0,452.2606,433.00046
2026-01-27 15:00,Mandir_Marg,750.0,423.31934,439.01324
2026-01-27 16:00,Mandir_Marg,750.0,437.267,435.96008
2026-01-27 17:00,Mandir_Marg,750.0,418.8488,470.95496
2026-01-27 18:00,Mandir_Marg,750.0,447.62415,447.0488
2026-01-27 19:00,Mandir_Marg,712.97,449.85437,484.5093
2026-01-27 20:00,Mandir_Marg,750.0,421.1733,463.48514
2026-01-27 21:00,Mandir_Marg,644.16,436.4139,465.60846
2026-01-27 22:00,Mandir_Marg,750.0,402.39453,379.97073
2026-01-27 23:00,Mandir_Marg,750.0,484.25537,445.19684
2026-01-28 00:00,Mandir_Marg,624.89,341.84442,417.00793
2026-01-28 01:00,Mandir_Marg,311.35,235.3759,217.25655
2026-01-28 02:00,Mandir_Marg,165.13,124.45207,113.16098
2026-01-28 03:00,Mandir_Marg,118.93,125.15552,120.130775
2026-01-28 04:00,Mandir_Marg,103.43,118.18628,83.82849
2026-01-28 05:00,Mandir_Marg,58.05,63.945465,53.289383
2026-01-28 06:00,Mandir_Marg,60.29,70.78886,48.701622
2026-01-28 07:00,Mandir_Marg,69.85,66.41856,43.614155
2026-01-28 08:00,Mandir_Marg,66.17,62.629093,47.151096
2026-01-28 09:00,Mandir_Marg,91.93,64.803825,62.968895
2026-01-28 10:00,Mandir_Marg,105.44,74.53093,79.80475
2026-01-28 11:00,Mandir_Marg,133.55,162.2582,122.61953
2026-01-28 12:00,Mandir_Marg,266.79,175.17831,153.9611
2026-01-28 13:00,Mandir_Marg,276.66,243.66786,228.50383
2026-01-28 14:00,Mandir_Marg,750.0,444.0537,432.6513
2026-01-28 15:00,Mandir_Marg,750.0,423.288,443.48972
2026-01-28 16:00,Mandir_Marg,750.0,422.1231,426.91537
2026-01-28 17:00,Mandir_Marg,750.0,444.44357,413.84134
2026-01-10 22:00,Punjabi_Bagh,750.0,423.9742,469.6555
2026-01-10 23:00,Punjabi_Bagh,750.0,421.0185,411.63596
2026-01-11 00:00,Punjabi_Bagh,750.0,381.08063,413.46906
2026-01-11 01:00,Punjabi_Bagh,336.56,279.9834,252.29471
2026-01-11 02:00,Punjabi_Bagh,248.73,164.52669,135.59192
2026-01-11 03:00,Punjabi_Bagh,167.6,115.85423,101.197365
2026-01-11 04:00,Punjabi_Bagh,181.98,111.20372,95.62031
2026-01-11 05:00,Punjabi_Bagh,90.9,72.392555,57.835407
2026-01-11 06:00,Punjabi_Bagh,63.98,69.621605,57.07787
2026-01-11 07:00,Punjabi_Bagh,77.83,65.37402,53.46372
2026-01-11 08:00,Punjabi_Bagh,100.03,92.2026,59.29803
2026-01-11 09:00,Punjabi_Bagh,99.13,77.89566,65.720184
2026-01-11 10:00,Punjabi_Bagh,111.53,86.54642,85.11345
2026-01-11 11:00,Punjabi_Bagh,184.81,157.58046,149.87177
2026-01-11 12:00,Punjabi_Bagh,239.34,249.47179,192.70128
2026-01-11 13:00,Punjabi_Bagh,366.49,338.03793,356.32068
2026-01-11 14:00,Punjabi_Bagh,750.0,412.71777,416.30182
2026-01-11 15:00,Punjabi_Bagh,750.0,444.98743,449.25204
2026-01-11 16:00,Punjabi_Bagh,750.0,423.6313,435.64948
2026-01-11 17:00,Punjabi_Bagh,750.0,449.88867,429.33823
2026-01-11 18:00,Punjabi_Bagh,750.0,471.0511,441.8062
2026-01-11 19:00,Punjabi_Bagh,750.0,469.9364,443.47922
2026-01-11 20:00,Punjabi_Bagh,750.0,488.3277,413.1018
2026-01-11 21:00,Punjabi_Bagh,750.0,478.22464,428.3735
2026-01-11 22:00,Punjabi_Bagh,750.0,425.15628,470.2203
2026-01-11 23:00,Punjabi_Bagh,750.0,437.89032,463.55655
2026-01-12 00:00,Punjabi_Bagh,750.0,370.05136,398.3265
2026-01-12 01:00,Punjabi_Bagh,449.12,283.5405,244.90071
2026-01-12 02:00,Punjabi_Bagh,236.76,150.12236,143.03719
2026-01-12 03:00,Punjabi_Bagh,149.26,127.39068,114.57974
2026-01-12 04:00,Punjabi_Bagh,153.78,111.80321,95.96487
2026-01-12 05:00,Punjabi_Bagh,72.91,69.0197,54.56442
2026-01-12 06:00,Punjabi_Bagh,80.75,57.835697,50.224964
2026-01-12 07:00,Punjabi_Bagh,58.69,69.596375,55.4436
2026-01-12 08:00,Punjabi_Bagh,85.65,69.73946,58.734234
2026-01-12 09:00,Punjabi_Bagh,95.17,76.35797,60.697586
2026-01-12 10:00,Punjabi_Bagh,81.98,82.57335,74.36915
2026-01-12 11:00,Punjabi_Bagh,232.75,156.41373,146.87701
2026-01-12 12:00,Punjabi_Bagh,252.94,191.46483,184.73462
2026-01-12 13:00,Punjabi_Bagh,318.73,265.97794,262.6714
2026-01-12 14:00,Punjabi_Bagh,750.0,422.75867,427.2626
2026-01-12 15:00,Punjabi_Bagh,750.0,428.56912,447.19824
2026-01-12 16:00,Punjabi_Bagh,750.0,445.3703,447.46475
2026-01-12 17:00,Punjabi_Bagh,750.0,424.94507,424.59494
2026-01-12 18:00,Punjabi_Bagh,750.0,468.9675,498.95905
2026-01-12 19:00,Punjabi_Bagh,750.0,472.19263,443.36777
2026-01-12 20:00,Punjabi_Bagh,750.0,424.94363,422.02515
2026-01-12 21:00,Punjabi_Bagh,750.0,424.28006,423.4788
2026-01-12 22:00,Punjabi_Bagh,748.61,402.73553,466.32803
2026-01-12 23:00,Punjabi_Bagh,750.0,487.93915,448.69354
2026-01-13 00:00,Punjabi_Bagh,750.0,374.11575,401.1995
2026-01-13 01:00,Punjabi_Bagh,378.6,294.8437,266.0811
2026-01-13 02:00,Punjabi_Bagh,269.16,142.18053,128.39563
2026-01-13 03:00,Punjabi_Bagh,145.09,141.88895,111.33065
2026-01-13 04:00,Punjabi_Bagh,170.29,100.26955,93.40845
2026-01-13 05:00,Punjabi_Bagh,83.64,80.1171,57.039566
2026-01-13 06:00,Punjabi_Bagh,86.7,87.90614,57.591732
2026-01-13 07:00,Punjabi_Bagh,73.92,63.714622,52.830055
2026-01-13 08:00,Punjabi_Bagh,86.41,68.69423,55.99054
2026-01-13 09:00,Punjabi_Bagh,100.42,71.245125,59.502983
2026-01-13 10:00,Punjabi_Bagh,118.27,80.241196,75.68791
2026-01-13 11:00,Punjabi_Bagh,198.6,142.25226,137.99736
2026-01-13 12:00,Punjabi_Bagh,225.12,172.01097,179.37292
2026-01-13 13:00,Punjabi_Bagh,351.02,226.92781,314.44632
2026-01-13 14:00,Punjabi_Bagh,750.0,426.82184,437.2921
2026-01-13 15:00,Punjabi_Bagh,750.0,425.66348,443.35507
2026-01-13 16:00,Punjabi_Bagh,750.0,467.39862,452.84222
2026-01-13 17:00,Punjabi_Bagh,702.92,460.86862,437.06342
2026-01-13 18:00,Punjabi_Bagh,750.0,452.91022,534.9359
2026-01-13 19:00,Punjabi_Bagh,750.0,447.97427,487.85394
2026-01-13 20:00,Punjabi_Bagh,750.0,421.52423,419.42795
2026-01-13 21:00,Punjabi_Bagh,750.0,423.7685,470.58435
2026-01-13 22:00,Punjabi_Bagh,750.0,487.29214,429.1998
2026-01-13 23:00,Punjabi_Bagh,750.0,418.80762,460.09143
2026-01-14 00:00,Punjabi_Bagh,750.0,439.16898,435.67505
2026-01-14 01:00,Punjabi_Bagh,358.82,298.954,268.50436
2026-01-14 02:00,Punjabi_Bagh,280.95,135.67926,130.90382
2026-01-14 03:00,Punjabi_Bagh,175.13,120.90034,103.19539
2026-01-14 04:00,Punjabi_Bagh,40.81,92.89121,79.60189
2026-01-14 05:00,Punjabi_Bagh,86.53,61.198315,52.14221
2026-01-14 06:00,Punjabi_Bagh,65.84,63.568775,52.28907
2026-01-14 07:00,Punjabi_Bagh,99.55,84.83374,53.829887
2026-01-14 08:00,Punjabi_Bagh,106.28,68.60152,57.12956
2026-01-14 09:00,Punjabi_Bagh,63.12,72.445206,64.87776
2026-01-14 10:00,Punjabi_Bagh,113.21,102.91986,86.3805
2026-01-14 11:00,Punjabi_Bagh,241.93,149.4368,164.94284
2026-01-14 12:00,Punjabi_Bagh,274.28,159.14023,156.88774
2026-01-14 13:00,Punjabi_Bagh,304.07,266.7643,287.71304
2026-01-14 14:00,Punjabi_Bagh,750.0,421.9146,431.92114
2026-01-14 15:00,Punjabi_Bagh,750.0,429.3523,428.0278
2026-01-14 16:00,Punjabi_Bagh,750.0,443.70367,430.9167
2026-01-14 17:00,Punjabi_Bagh,750.0,434.48837,471.7745
2026-01-14 18:00,Punjabi_Bagh,750.0,473.78427,454.9806
2026-01-14 19:00,Punjabi_Bagh,750.0,471.9377,489.4549
2026-01-14 20:00,Punjabi_Bagh,750.0,422.05396,419.81387
2026-01-14 21:00,Punjabi_Bagh,750.0,426.29053,425.45944
2026-01-14 22:00,Punjabi_Bagh,750.0,412.82184,411.59567
2026-01-14 23:00,Punjabi_Bagh,750.0,423.6179,459.82846
2026-01-15 00:00,Punjabi_Bagh,750.0,396.53198,410.79828
2026-01-15 01:00,Punjabi_Bagh,334.91,261.65393,247.3098
2026-01-15 02:00,Punjabi_Bagh,226.98,143.16055,127.6695
2026-01-15 03:00,Punjabi_Bagh,185.51,117.01647,99.23699
2026-01-15 04:00,Punjabi_Bagh,138.96,91.40949,84.232895
2026-01-15 05:00,Punjabi_Bagh,75.77,93.45178,57.623646
2026-01-15 06:00,Punjabi_Bagh,73.74,63.977276,54.743317
2026-01-15 07:00,Punjabi_Bagh,62.65,62.36355,52.33897
2026-01-15 08:00,Punjabi_Bagh,72.35,68.099075,57.367435
2026-01-15 09:00,Punjabi_Bagh,81.27,93.129555,62.8595
2026-01-15 10:00,Punjabi_Bagh,113.55,89.61698,79.457726
2026-01-15 11:00,Punjabi_Bagh,211.41,149.61453,136.39552
2026-01-15 12:00,Punjabi_Bagh,257.04,168.23764,189.16953
2026-01-15 13:00,Punjabi_Bagh,644.6,275.9357,310.5077
2026-01-15 14:00,Punjabi_Bagh,750.0,463.53122,449.33206
2026-01-15 15:00,Punjabi_Bagh,750.0,439.93088,452.0076
2026-01-15 16:00,Punjabi_Bagh,750.0,427.6479,435.30472
2026-01-15 17:00,Punjabi_Bagh,750.0,431.3624,433.22333
2026-01-15 18:00,Punjabi_Bagh,750.0,471.7031,496.2275
2026-01-15 19:00,Punjabi_Bagh,750.0,472.4523,455.12683
2026-01-15 20:00,Punjabi_Bagh,750.0,426.0723,466.43808
2026-01-15 21:00,Punjabi_Bagh,750.0,423.60007,426.19058
2026-01-15 22:00,Punjabi_Bagh,750.0,424.8729,425.2133
2026-01-15 23:00,Punjabi_Bagh,750.0,421.1127,411.64444
2026-01-16 00:00,Punjabi_Bagh,750.0,404.19556,418.6309
2026-01-16 01:00,Punjabi_Bagh,132.39,311.97202,257.84155
2026-01-16 02:00,Punjabi_Bagh,231.78,188.49825,156.01509
2026-01-16 03:00,Punjabi_Bagh,155.51,134.04405,110.52037
2026-01-16 04:00,Punjabi_Bagh,146.58,115.791176,100.36569
2026-01-16 05:00,Punjabi_Bagh,78.64,67.6563,57.517025
2026-01-16 06:00,Punjabi_Bagh,81.9,91.656555,54.013893
2026-01-16 07:00,Punjabi_Bagh,96.62,66.86361,49.561573
2026-01-16 08:00,Punjabi_Bagh,92.42,68.685165,60.16391
2026-01-16 09:00,Punjabi_Bagh,87.11,72.97244,60.795963
2026-01-16 10:00,Punjabi_Bagh,98.08,112.16292,75.36438
2026-01-16 11:00,Punjabi_Bagh,248.89,145.26537,128.11855
2026-01-16 12:00,Punjabi_Bagh,282.09,158.28558,167.20306
2026-01-16 13:00,Punjabi_Bagh,607.37,306.55856,342.09433
2026-01-16 14:00,Punjabi_Bagh,750.0,464.55203,438.0986
2026-01-16 15:00,Punjabi_Bagh,750.0,441.88306,452.10062
2026-01-16 16:00,Punjabi_Bagh,750.0,425.99857,443.71652
2026-01-16 17:00,Punjabi_Bagh,750.0,440.2892,418.5595
2026-01-16 18:00,Punjabi_Bagh,750.0,471.23102,443.4196
2026-01-16 19:00,Punjabi_Bagh,750.0,467.00513,487.864
2026-01-16 20:00,Punjabi_Bagh,750.0,441.3007,460.85107
2026-01-16 21:00,Punjabi_Bagh,750.0,440.68204,464.99747
2026-01-16 22:00,Punjabi_Bagh,750.0,427.63492,426.2853
2026-01-16 23:00,Punjabi_Bagh,750.0,423.1409,419.19855
2026-01-17 00:00,Punjabi_Bagh,750.0,376.71683,398.41525
2026-01-17 01:00,Punjabi_Bagh,530.93,247.79565,231.45804
2026-01-17 02:00,Punjabi_Bagh,230.54,152.79582,136.25496
2026-01-17 03:00,Punjabi_Bagh,153.97,131.19473,114.392296
2026-01-17 04:00,Punjabi_Bagh,193.83,104.96463,88.509224
2026-01-17 05:00,Punjabi_Bagh,94.34,71.680336,58.869488
2026-01-17 06:00,Punjabi_Bagh,68.76,61.080685,52.997852
2026-01-17 07:00,Punjabi_Bagh,67.33,72.20273,58.822224
2026-01-17 08:00,Punjabi_Bagh,84.56,78.45626,64.4611
2026-01-17 09:00,Punjabi_Bagh,100.1,79.21888,65.089355
2026-01-17 10:00,Punjabi_Bagh,137.23,104.47204,96.23298
2026-01-17 11:00,Punjabi_Bagh,259.55,193.02782,164.95416
2026-01-17 12:00,Punjabi_Bagh,277.97,245.8924,232.4053
2026-01-17 13:00,Punjabi_Bagh,348.64,286.05338,319.10437
2026-01-17 14:00,Punjabi_Bagh,735.0,449.7848,453.08057
2026-01-17 15:00,Punjabi_Bagh,750.0,451.17633,469.68887
2026-01-17 16:00,Punjabi_Bagh,750.0,441.33746,434.69635
2026-01-17 17:00,Punjabi_Bagh,750.0,469.90103,495.886
2026-01-17 18:00,Punjabi_Bagh,750.0,470.9083,443.02774
2026-01-17 19:00,Punjabi_Bagh,750.0,443.30127,484.33124
2026-01-17 20:00,Punjabi_Bagh,750.0,415.25598,453.82596
2026-01-17 21:00,Punjabi_Bagh,750.0,424.4009,468.98526
2026-01-17 22:00,Punjabi_Bagh,750.0,424.37173,424.72476
2026-01-17 23:00,Punjabi_Bagh,743.97,421.02975,461.0877
2026-01-18 00:00,Punjabi_Bagh,750.0,378.80405,409.1518
2026-01-18 01:00,Punjabi_Bagh,376.3,330.5368,301.00558
2026-01-18 02:00,Punjabi_Bagh,182.1,160.91203,143.05293
2026-01-18 03:00,Punjabi_Bagh,152.47,130.89445,116.67525
2026-01-18 04:00,Punjabi_Bagh,182.59,109.3452,94.73922
2026-01-18 05:00,Punjabi_Bagh,74.59,72.168625,59.765965
2026-01-18 06:00,Punjabi_Bagh,86.38,65.719955,56.121082
2026-01-18 07:00,Punjabi_Bagh,65.56,71.428986,57.21214
2026-01-18 08:00,Punjabi_Bagh,71.17,71.564896,57.794506
2026-01-18 09:00,Punjabi_Bagh,108.2,73.177216,62.88395
2026-01-18 10:00,Punjabi_Bagh,116.39,88.48274,75.877365
2026-01-18 11:00,Punjabi_Bagh,182.77,176.14326,138.3806
2026-01-18 12:00,Punjabi_Bagh,325.99,185.50146,163.24837
2026-01-18 13:00,Punjabi_Bagh,650.74,361.98132,357.92175
2026-01-18 14:00,Punjabi_Bagh,750.0,444.54633,464.19153
2026-01-18 15:00,Punjabi_Bagh,750.0,425.4017,448.235
2026-01-18 16:00,Punjabi_Bagh,750.0,442.4682,433.57062
2026-01-18 17:00,Punjabi_Bagh,750.0,421.82385,422.45755
2026-01-18 18:00,Punjabi_Bagh,750.0,470.56393,459.80383
2026-01-18 19:00,Punjabi_Bagh,750.0,457.94135,444.91705
2026-01-18 20:00,Punjabi_Bagh,750.0,420.7876,450.58405
2026-01-18 21:00,Punjabi_Bagh,750.0,423.00168,421.51608
2026-01-18 22:00,Punjabi_Bagh,750.0,415.2601,462.00812
2026-01-18 23:00,Punjabi_Bagh,750.0,423.59592,463.52313
2026-01-19 00:00,Punjabi_Bagh,750.0,372.57672,452.0207
2026-01-19 01:00,Punjabi_Bagh,335.51,318.44016,270.0004
2026-01-19 02:00,Punjabi_Bagh,208.21,175.42078,144.09938
2026-01-19 03:00,Punjabi_Bagh,168.59,143.35313,131.70314
2026-01-19 04:00,Punjabi_Bagh,179.21,119.85569,101.36715
2026-01-19 05:00,Punjabi_Bagh,93.43,77.528984,62.089474
2026-01-19 06:00,Punjabi_Bagh,74.95,67.263176,55.730835
2026-01-19 07:00,Punjabi_Bagh,84.87,89.798225,56.21239
2026-01-19 08:00,Punjabi_Bagh,112.74,74.65043,63.03253
2026-01-19 09:00,Punjabi_Bagh,77.73,80.38171,64.92585
2026-01-19 10:00,Punjabi_Bagh,92.84,91.6735,76.257484
2026-01-19 11:00,Punjabi_Bagh,222.77,154.78668,144.89322
2026-01-19 12:00,Punjabi_Bagh,256.81,195.69463,186.09918
2026-01-19 13:00,Punjabi_Bagh,614.39,262.81665,373.47256
2026-01-19 14:00,Punjabi_Bagh,750.0,428.49994,439.9859
2026-01-19 15:00,Punjabi_Bagh,750.0,436.43613,437.96497
2026-01-19 16:00,Punjabi_Bagh,750.0,448.75488,416.5425
2026-01-19 17:00,Punjabi_Bagh,750.0,439.95383,471.50253
2026-01-19 18:00,Punjabi_Bagh,750.0,453.1208,469.62173
2026-01-19 19:00,Punjabi_Bagh,750.0,467.00812,488.2395
2026-01-19 20:00,Punjabi_Bagh,750.0,410.04532,418.08374
2026-01-19 21:00,Punjabi_Bagh,750.0,421.39404,467.76187
2026-01-19 22:00,Punjabi_Bagh,394.93,423.7096,468.75366
2026-01-19 23:00,Punjabi_Bagh,750.0,486.15646,431.0428
2026-01-20 00:00,Punjabi_Bagh,750.0,435.65396,435.6119
2026-01-20 01:00,Punjabi_Bagh,493.56,244.13054,228.16371
2026-01-20 02:00,Punjabi_Bagh,229.04,185.4226,170.17505
2026-01-20 03:00,Punjabi_Bagh,192.72,128.42834,113.634315
2026-01-20 04:00,Punjabi_Bagh,168.59,110.923004,90.94909
2026-01-20 05:00,Punjabi_Bagh,80.3,68.111176,57.19458
2026-01-20 06:00,Punjabi_Bagh,70.15,64.14727,52.79286
2026-01-20 07:00,Punjabi_Bagh,82.35,67.749306,54.663193
2026-01-20 08:00,Punjabi_Bagh,85.88,93.711655,60.476646
2026-01-20 09:00,Punjabi_Bagh,86.08,77.61618,64.10225
2026-01-20 10:00,Punjabi_Bagh,136.56,127.526596,115.973724
2026-01-20 11:00,Punjabi_Bagh,284.95,189.28003,155.29222
2026-01-20 12:00,Punjabi_Bagh,241.28,200.09622,202.1882
2026-01-20 13:00,Punjabi_Bagh,393.96,322.321,343.76276
2026-01-20 14:00,Punjabi_Bagh,750.0,435.73593,446.9847
2026-01-20 15:00,Punjabi_Bagh,750.0,426.5852,437.22064
2026-01-20 16:00,Punjabi_Bagh,750.0,440.51804,426.98892
2026-01-20 17:00,Punjabi_Bagh,750.0,469.92087,487.9014
2026-01-20 18:00,Punjabi_Bagh,750.0,472.71225,495.3901
2026-01-20 19:00,Punjabi_Bagh,750.0,411.94644,433.10095
2026-01-20 20:00,Punjabi_Bagh,750.0,422.62234,459.33618
2026-01-20 21:00,Punjabi_Bagh,750.0,423.62164,425.83688
2026-01-20 22:00,Punjabi_Bagh,750.0,482.1322,437.99182
2026-01-20 23:00,Punjabi_Bagh,750.0,413.7296,425.42816
2026-01-21 00:00,Punjabi_Bagh,750.0,416.37048,393.96823
2026-01-21 01:00,Punjabi_Bagh,391.55,286.27097,252.09259
2026-01-21 02:00,Punjabi_Bagh,233.08,154.01234,138.46071
2026-01-21 03:00,Punjabi_Bagh,147.75,116.51396,103.57747
2026-01-21 04:00,Punjabi_Bagh,139.68,121.206276,101.058586
2026-01-21 05:00,Punjabi_Bagh,80.29,77.89266,61.933937
2026-01-21 06:00,Punjabi_Bagh,66.03,64.00402,49.00278
2026-01-21 07:00,Punjabi_Bagh,75.4,69.5864,53.929535
2026-01-21 08:00,Punjabi_Bagh,83.4,94.15941,61.339832
2026-01-21 09:00,Punjabi_Bagh,90.36,73.18534,64.01374
2026-01-21 10:00,Punjabi_Bagh,115.96,104.63332,80.19382
2026-01-21 11:00,Punjabi_Bagh,201.22,152.66856,132.04256
2026-01-21 12:00,Punjabi_Bagh,255.76,188.40959,165.19325
2026-01-21 13:00,Punjabi_Bagh,540.06,283.85355,339.3884
2026-01-21 14:00,Punjabi_Bagh,750.0,442.61508,469.03
2026-01-21 15:00,Punjabi_Bagh,750.0,427.82272,425.8617
2026-01-21 16:00,Punjabi_Bagh,750.0,442.00714,420.21646
2026-01-21 17:00,Punjabi_Bagh,750.0,472.91757,476.64627
2026-01-21 18:00,Punjabi_Bagh,750.0,475.66446,483.42996
2026-01-21 19:00,Punjabi_Bagh,750.0,468.6855,478.22653
2026-01-21 20:00,Punjabi_Bagh,750.0,424.54147,416.91147
2026-01-21 21:00,Punjabi_Bagh,750.0,426.2247,427.05157
2026-01-21 22:00,Punjabi_Bagh,750.0,420.7126,468.17426
2026-01-21 23:00,Punjabi_Bagh,750.0,426.41342,465.41922
2026-01-22 00:00,Punjabi_Bagh,750.0,401.68735,450.87686
2026-01-22 01:00,Punjabi_Bagh,335.77,289.36276,255.74287
2026-01-22 02:00,Punjabi_Bagh,189.48,187.47205,151.93555
2026-01-22 03:00,Punjabi_Bagh,202.55,138.57875,122.797295
2026-01-22 04:00,Punjabi_Bagh,199.17,112.24245,93.298904
2026-01-22 05:00,Punjabi_Bagh,62.41,77.13475,64.906746
2026-01-22 06:00,Punjabi_Bagh,91.59,70.437225,56.898933
2026-01-22 07:00,Punjabi_Bagh,64.2,68.603004,55.212456
2026-01-22 08:00,Punjabi_Bagh,90.64,72.14596,61.390522
2026-01-22 09:00,Punjabi_Bagh,92.56,73.663506,62.41571
2026-01-22 10:00,Punjabi_Bagh,137.83,88.11417,78.667435
2026-01-22 11:00,Punjabi_Bagh,194.05,167.82742,136.67358
2026-01-22 12:00,Punjabi_Bagh,205.46,263.31906,219.04475
2026-01-22 13:00,Punjabi_Bagh,341.88,321.86847,319.36853
2026-01-22 14:00,Punjabi_Bagh,750.0,421.89728,438.1094
2026-01-22 15:00,Punjabi_Bagh,750.0,442.5023,445.8039
2026-01-22 16:00,Punjabi_Bagh,750.0,445.71222,433.66635
2026-01-22 17:00,Punjabi_Bagh,750.0,449.30136,433.71603
2026-01-22 18:00,Punjabi_Bagh,750.0,461.13605,545.6477
2026-01-22 19:00,Punjabi_Bagh,750.0,434.97623,439.70596
2026-01-22 20:00,Punjabi_Bagh,750.0,424.10135,448.9883
2026-01-22 21:00,Punjabi_Bagh,750.0,424.03842,424.9839
2026-01-22 22:00,Punjabi_Bagh,750.0,417.5846,462.5909
2026-01-22 23:00,Punjabi_Bagh,750.0,422.5007,419.28094
2026-01-23 00:00,Punjabi_Bagh,750.0,376.43466,400.72003
2026-01-23 01:00,Punjabi_Bagh,318.5,285.84116,250.75015
2026-01-23 02:00,Punjabi_Bagh,198.61,139.67503,121.24725
2026-01-23 03:00,Punjabi_Bagh,220.22,113.28739,105.36338
2026-01-23 04:00,Punjabi_Bagh,175.54,102.403786,83.87847
2026-01-23 05:00,Punjabi_Bagh,86.33,62.849792,51.997913
2026-01-23 06:00,Punjabi_Bagh,90.39,64.31368,56.45574
2026-01-23 07:00,Punjabi_Bagh,81.85,65.2515,51.593273
2026-01-23 08:00,Punjabi_Bagh,70.26,85.0207,53.936863
2026-01-23 09:00,Punjabi_Bagh,87.35,74.290634,62.32574
2026-01-23 10:00,Punjabi_Bagh,123.76,84.997444,72.07807
2026-01-23 11:00,Punjabi_Bagh,210.19,142.80844,144.06255
2026-01-23 12:00,Punjabi_Bagh,301.63,176.42543,175.73892
2026-01-23 13:00,Punjabi_Bagh,311.78,263.10312,300.5968
2026-01-23 14:00,Punjabi_Bagh,750.0,444.0539,441.25504
2026-01-23 15:00,Punjabi_Bagh,750.0,428.25568,452.81363
2026-01-23 16:00,Punjabi_Bagh,750.0,441.93442,416.5954
2026-01-23 17:00,Punjabi_Bagh,750.0,451.69028,475.30508
2026-01-23 18:00,Punjabi_Bagh,750.0,454.0072,443.3291
2026-01-23 19:00,Punjabi_Bagh,750.0,466.64713,440.69223
2026-01-23 20:00,Punjabi_Bagh,750.0,478.98337,417.97937
2026-01-23 21:00,Punjabi_Bagh,750.0,482.0612,449.31018
2026-01-23 22:00,Punjabi_Bagh,750.0,393.27115,466.13403
2026-01-23 23:00,Punjabi_Bagh,750.0,410.9621,413.89005
2026-01-24 00:00,Punjabi_Bagh,750.0,375.242,406.11142
2026-01-24 01:00,Punjabi_Bagh,494.46,264.9567,235.55069
2026-01-24 02:00,Punjabi_Bagh,203.92,144.13739,133.32758
2026-01-24 03:00,Punjabi_Bagh,176.61,144.95819,111.675476
2026-01-24 04:00,Punjabi_Bagh,151.02,121.50519,95.53534
2026-01-24 05:00,Punjabi_Bagh,108.61,90.06368,48.877663
2026-01-24 06:00,Punjabi_Bagh,62.23,65.12931,53.229507
2026-01-24 07:00,Punjabi_Bagh,72.1,67.034035,55.097378
2026-01-24 08:00,Punjabi_Bagh,74.78,97.64679,62.680084
2026-01-24 09:00,Punjabi_Bagh,120.64,76.49989,67.205215
2026-01-24 10:00,Punjabi_Bagh,100.58,110.17841,84.66335
2026-01-24 11:00,Punjabi_Bagh,225.87,161.95094,147.03549
2026-01-24 12:00,Punjabi_Bagh,276.27,195.7948,174.86024
2026-01-24 13:00,Punjabi_Bagh,436.82,267.92462,324.67957
2026-01-24 14:00,Punjabi_Bagh,750.0,452.1182,459.86072
2026-01-24 15:00,Punjabi_Bagh,750.0,445.04587,445.75952
2026-01-24 16:00,Punjabi_Bagh,750.0,434.4412,448.32343
2026-01-24 17:00,Punjabi_Bagh,750.0,432.0025,465.70786
2026-01-24 18:00,Punjabi_Bagh,750.0,472.39215,489.40085
2026-01-24 19:00,Punjabi_Bagh,750.0,470.08234,441.47336
2026-01-24 20:00,Punjabi_Bagh,750.0,408.5997,463.66534
2026-01-24 21:00,Punjabi_Bagh,750.0,486.1327,439.30585
2026-01-24 22:00,Punjabi_Bagh,750.0,481.76755,435.01443
2026-01-24 23:00,Punjabi_Bagh,750.0,422.45798,460.01654
2026-01-25 00:00,Punjabi_Bagh,750.0,377.75214,408.05478
2026-01-25 01:00,Punjabi_Bagh,530.25,314.27072,264.33505
2026-01-25 02:00,Punjabi_Bagh,177.17,175.06207,140.05038
2026-01-25 03:00,Punjabi_Bagh,138.83,140.08113,134.02567
2026-01-25 04:00,Punjabi_Bagh,193.81,107.99744,99.20453
2026-01-25 05:00,Punjabi_Bagh,74.42,78.6128,60.68405
2026-01-25 06:00,Punjabi_Bagh,88.97,65.95471,55.715397
2026-01-25 07:00,Punjabi_Bagh,74.26,68.828896,54.838398
2026-01-25 08:00,Punjabi_Bagh,94.32,93.80965,60.719482
2026-01-25 09:00,Punjabi_Bagh,107.27,81.452515,70.89216
2026-01-25 10:00,Punjabi_Bagh,110.1,88.56171,86.12778
2026-01-25 11:00,Punjabi_Bagh,177.47,188.94972,156.3338
2026-01-25 12:00,Punjabi_Bagh,385.13,197.70387,193.81229
2026-01-25 13:00,Punjabi_Bagh,411.31,243.60268,294.48572
2026-01-25 14:00,Punjabi_Bagh,750.0,445.31003,446.7204
2026-01-25 15:00,Punjabi_Bagh,750.0,432.87372,458.6155
2026-01-25 16:00,Punjabi_Bagh,750.0,434.97867,453.32635
2026-01-25 17:00,Punjabi_Bagh,750.0,436.99985,421.44318
2026-01-25 18:00,Punjabi_Bagh,750.0,453.6894,486.5835
2026-01-25 19:00,Punjabi_Bagh,750.0,452.54315,487.10126
2026-01-25 20:00,Punjabi_Bagh,750.0,480.64612,419.65863
2026-01-25 21:00,Punjabi_Bagh,750.0,420.52808,422.69147
2026-01-25 22:00,Punjabi_Bagh,750.0,481.6928,438.42352
2026-01-25 23:00,Punjabi_Bagh,750.0,423.77768,414.12384
2026-01-26 00:00,Punjabi_Bagh,750.0,377.40512,448.0645
2026-01-26 01:00,Punjabi_Bagh,328.06,334.31607,274.6628
2026-01-26 02:00,Punjabi_Bagh,212.51,167.28615,145.44916
2026-01-26 03:00,Punjabi_Bagh,204.42,134.08046,115.77598
2026-01-26 04:00,Punjabi_Bagh,160.93,118.46292,102.67655
2026-01-26 05:00,Punjabi_Bagh,95.23,67.656624,58.5981
2026-01-26 06:00,Punjabi_Bagh,71.52,66.63466,58.300312
2026-01-26 07:00,Punjabi_Bagh,77.8,88.13034,55.079018
2026-01-26 08:00,Punjabi_Bagh,55.68,73.11727,59.602306
2026-01-26 09:00,Punjabi_Bagh,116.65,79.606255,65.40878
2026-01-26 10:00,Punjabi_Bagh,106.35,91.22061,75.499146
2026-01-26 11:00,Punjabi_Bagh,216.11,168.8653,158.93394
2026-01-26 12:00,Punjabi_Bagh,292.23,195.10675,184.07082
2026-01-26 13:00,Punjabi_Bagh,625.87,296.52435,365.37912
2026-01-26 14:00,Punjabi_Bagh,750.0,431.63208,435.20544
2026-01-26 15:00,Punjabi_Bagh,750.0,430.37985,439.29514
2026-01-26 16:00,Punjabi_Bagh,750.0,450.9026,424.16946
2026-01-26 17:00,Punjabi_Bagh,750.0,454.1831,477.1925
2026-01-26 18:00,Punjabi_Bagh,750.0,473.65912,449.7517
2026-01-26 19:00,Punjabi_Bagh,750.0,458.3151,487.69608
2026-01-26 20:00,Punjabi_Bagh,750.0,442.5731,413.3941
2026-01-26 21:00,Punjabi_Bagh,750.0,425.24216,425.89258
2026-01-26 22:00,Punjabi_Bagh,750.0,421.7866,467.09268
2026-01-26 23:00,Punjabi_Bagh,750.0,480.5292,426.70798
2026-01-27 00:00,Punjabi_Bagh,750.0,388.36072,444.50903
2026-01-27 01:00,Punjabi_Bagh,381.7,269.4606,243.45935
2026-01-27 02:00,Punjabi_Bagh,199.85,167.28362,149.29846
2026-01-27 03:00,Punjabi_Bagh,202.35,131.02075,114.86817
2026-01-27 04:00,Punjabi_Bagh,122.68,119.014915,103.66162
2026-01-27 05:00,Punjabi_Bagh,74.02,98.39854,65.07027
2026-01-27 06:00,Punjabi_Bagh,99.15,74.622765,62.996235
2026-01-27 07:00,Punjabi_Bagh,84.05,68.82248,56.259266
2026-01-27 08:00,Punjabi_Bagh,75.25,75.566475,62.93008
2026-01-27 09:00,Punjabi_Bagh,72.81,80.6647,65.49632
2026-01-27 10:00,Punjabi_Bagh,105.67,114.16661,87.80254
2026-01-27 11:00,Punjabi_Bagh,197.47,165.64859,137.59052
2026-01-27 12:00,Punjabi_Bagh,302.83,226.0197,194.92928
2026-01-27 13:00,Punjabi_Bagh,487.44,285.2338,308.58807
2026-01-27 14:00,Punjabi_Bagh,750.0,423.3148,442.6748
2026-01-27 15:00,Punjabi_Bagh,750.0,454.19348,452.1447
2026-01-27 16:00,Punjabi_Bagh,750.0,425.0258,444.746
2026-01-27 17:00,Punjabi_Bagh,750.0,430.70584,478.7262
2026-01-27 18:00,Punjabi_Bagh,750.0,452.66226,457.73264
2026-01-27 19:00,Punjabi_Bagh,750.0,470.12338,440.4951
2026-01-27 20:00,Punjabi_Bagh,750.0,487.19455,434.00378
2026-01-27 21:00,Punjabi_Bagh,750.0,426.36612,412.89542
2026-01-27 22:00,Punjabi_Bagh,750.0,424.14264,467.39325
2026-01-27 23:00,Punjabi_Bagh,750.0,420.43903,455.9926
2026-01-28 00:00,Punjabi_Bagh,731.95,381.49124,393.86252
2026-01-28 01:00,Punjabi_Bagh,501.43,287.67758,243.85695
2026-01-28 02:00,Punjabi_Bagh,184.4,158.63322,127.54015
2026-01-28 03:00,Punjabi_Bagh,142.83,129.87027,101.43865
2026-01-28 04:00,Punjabi_Bagh,155.57,117.91615,105.71509
2026-01-28 05:00,Punjabi_Bagh,92.69,75.40224,63.88443
2026-01-28 06:00,Punjabi_Bagh,75.88,72.43325,59.44415
2026-01-28 07:00,Punjabi_Bagh,71.8,68.85252,54.759964
2026-01-28 08:00,Punjabi_Bagh,86.0,74.07253,60.220715
2026-01-28 09:00,Punjabi_Bagh,88.75,80.08787,64.621414
2026-01-28 10:00,Punjabi_Bagh,92.21,85.16174,75.466995
2026-01-28 11:00,Punjabi_Bagh,182.41,171.41269,135.77354
2026-01-28 12:00,Punjabi_Bagh,301.74,207.11533,180.19998
2026-01-28 13:00,Punjabi_Bagh,361.03,290.6587,317.85397
2026-01-28 14:00,Punjabi_Bagh,709.47,458.38977,444.35565
2026-01-28 15:00,Punjabi_Bagh,750.0,412.6284,445.69336
2026-01-28 16:00,Punjabi_Bagh,750.0,424.62228,446.8184
2026-01-28 17:00,Punjabi_Bagh,750.0,440.97845,429.36804
2026-01-10 22:00,RK_Puram,750.0,424.45096,421.04218
2026-01-10 23:00,RK_Puram,750.0,434.76617,462.61896
2026-01-11 00:00,RK_Puram,603.41,379.76102,439.24088
2026-01-11 01:00,RK_Puram,475.23,257.20685,255.24416
2026-01-11 02:00,RK_Puram,220.69,153.31514,141.60892
2026-01-11 03:00,RK_Puram,182.48,122.51031,109.45131
2026-01-11 04:00,RK_Puram,137.55,100.025,84.387474
2026-01-11 05:00,RK_Puram,97.58,93.780785,59.077698
2026-01-11 06:00,RK_Puram,86.84,60.293705,50.184673
2026-01-11 07:00,RK_Puram,87.27,66.20638,54.59848
2026-01-11 08:00,RK_Puram,89.16,68.27571,59.59475
2026-01-11 09:00,RK_Puram,78.37,75.882355,62.04972
2026-01-11 10:00,RK_Puram,141.82,86.576996,70.84159
2026-01-11 11:00,RK_Puram,156.56,146.11328,134.3816
2026-01-11 12:00,RK_Puram,228.08,221.59909,175.2087
2026-01-11 13:00,RK_Puram,281.23,323.14792,327.22815
2026-01-11 14:00,RK_Puram,750.0,427.28772,442.5108
2026-01-11 15:00,RK_Puram,750.0,467.8431,452.95627
2026-01-11 16:00,RK_Puram,750.0,424.7209,423.7535
2026-01-11 17:00,RK_Puram,750.0,467.5711,440.57224
2026-01-11 18:00,RK_Puram,750.0,450.30524,484.76868
2026-01-11 19:00,RK_Puram,750.0,432.6461,438.20865
2026-01-11 20:00,RK_Puram,750.0,430.1014,414.62967
2026-01-11 21:00,RK_Puram,750.0,421.20828,423.45966
2026-01-11 22:00,RK_Puram,750.0,422.91766,467.54324
2026-01-11 23:00,RK_Puram,750.0,431.42294,453.24588
2026-01-12 00:00,RK_Puram,586.94,365.71982,398.31668
2026-01-12 01:00,RK_Puram,146.77,249.76508,233.27214
2026-01-12 02:00,RK_Puram,156.04,153.80063,137.19414
2026-01-12 03:00,RK_Puram,146.97,125.29017,113.26591
2026-01-12 04:00,RK_Puram,134.85,99.00604,87.012505
2026-01-12 05:00,RK_Puram,77.11,69.21654,58.741714
2026-01-12 06:00,RK_Puram,88.55,62.51461,52.050835
2026-01-12 07:00,RK_Puram,66.23,52.491226,42.649197
2026-01-12 08:00,RK_Puram,79.42,63.052547,57.525948
2026-01-12 09:00,RK_Puram,58.51,64.5636,52.63176
2026-01-12 10:00,RK_Puram,137.95,84.94978,63.20513
2026-01-12 11:00,RK_Puram,167.53,144.8098,118.21385
2026-01-12 12:00,RK_Puram,201.79,144.27637,146.60927
2026-01-12 13:00,RK_Puram,320.11,200.97345,276.0862
2026-01-12 14:00,RK_Puram,750.0,435.72134,447.01727
2026-01-12 15:00,RK_Puram,750.0,419.64938,423.5675
2026-01-12 16:00,RK_Puram,750.0,437.87936,428.60803
2026-01-12 17:00,RK_Puram,750.0,461.45047,435.02277
2026-01-12 18:00,RK_Puram,750.0,464.49078,487.41562
2026-01-12 19:00,RK_Puram,750.0,440.48096,478.54657
2026-01-12 20:00,RK_Puram,750.0,418.3395,418.36307
2026-01-12 21:00,RK_Puram,750.0,481.71262,429.46307
2026-01-12 22:00,RK_Puram,750.0,414.19455,467.41183
2026-01-12 23:00,RK_Puram,750.0,474.04883,420.13293
2026-01-13 00:00,RK_Puram,750.0,384.64304,459.57043
2026-01-13 01:00,RK_Puram,284.8,262.6737,236.48546
2026-01-13 02:00,RK_Puram,205.88,117.9085,113.95134
2026-01-13 03:00,RK_Puram,196.94,95.18256,88.90037
2026-01-13 04:00,RK_Puram,125.04,78.05027,71.698616
2026-01-13 05:00,RK_Puram,89.5,59.965508,46.80766
2026-01-13 06:00,RK_Puram,82.81,60.342434,49.26933
2026-01-13 07:00,RK_Puram,67.76,57.44699,48.13852
2026-01-13 08:00,RK_Puram,59.9,59.337635,50.981888
2026-01-13 09:00,RK_Puram,92.48,67.256195,50.91928
2026-01-13 10:00,RK_Puram,126.56,100.29945,73.55465
2026-01-13 11:00,RK_Puram,213.08,143.28864,123.24733
2026-01-13 12:00,RK_Puram,242.55,145.99292,144.30368
2026-01-13 13:00,RK_Puram,607.07,182.2492,232.72162
2026-01-13 14:00,RK_Puram,750.0,449.21295,411.83798
2026-01-13 15:00,RK_Puram,750.0,410.69788,452.2027
2026-01-13 16:00,RK_Puram,735.35,421.39832,414.28674
2026-01-13 17:00,RK_Puram,750.0,471.2462,529.2524
2026-01-13 18:00,RK_Puram,750.0,469.90536,439.65283
2026-01-13 19:00,RK_Puram,750.0,436.73947,452.96838
2026-01-13 20:00,RK_Puram,750.0,482.894,430.00977
2026-01-13 21:00,RK_Puram,750.0,423.89835,469.2106
2026-01-13 22:00,RK_Puram,750.0,422.7983,422.11307
2026-01-13 23:00,RK_Puram,750.0,422.0041,462.35928
2026-01-14 00:00,RK_Puram,750.0,380.76724,443.66708
2026-01-14 01:00,RK_Puram,348.58,285.55615,261.52487
2026-01-14 02:00,RK_Puram,172.38,157.47691,140.02405
2026-01-14 03:00,RK_Puram,173.47,139.43945,120.63116
2026-01-14 04:00,RK_Puram,112.36,109.826584,89.17235
2026-01-14 05:00,RK_Puram,67.6,86.96881,65.59606
2026-01-14 06:00,RK_Puram,67.89,67.97867,55.486664
2026-01-14 07:00,RK_Puram,72.99,68.22129,56.367607
2026-01-14 08:00,RK_Puram,80.93,74.04943,59.095375
2026-01-14 09:00,RK_Puram,82.81,78.10181,62.43244
2026-01-14 10:00,RK_Puram,115.09,82.8582,81.47196
2026-01-14 11:00,RK_Puram,164.8,148.5564,132.89203
2026-01-14 12:00,RK_Puram,289.81,217.9179,196.47495
2026-01-14 13:00,RK_Puram,506.75,237.17549,262.00177
2026-01-14 14:00,RK_Puram,750.0,442.2373,451.9147
2026-01-14 15:00,RK_Puram,750.0,429.58566,447.33377
2026-01-14 16:00,RK_Puram,750.0,421.9279,433.13086
2026-01-14 17:00,RK_Puram,750.0,450.4461,433.21063
2026-01-14 18:00,RK_Puram,750.0,468.02393,440.0977
2026-01-14 19:00,RK_Puram,750.0,465.8671,467.4865
2026-01-14 20:00,RK_Puram,750.0,431.82178,413.61163
2026-01-14 21:00,RK_Puram,750.0,423.74112,468.01028
2026-01-14 22:00,RK_Puram,750.0,426.10892,469.5652
2026-01-14 23:00,RK_Puram,750.0,429.50058,469.40274
2026-01-15 00:00,RK_Puram,662.46,356.21255,394.7097
2026-01-15 01:00,RK_Puram,349.17,271.172,247.87903
2026-01-15 02:00,RK_Puram,233.17,153.8927,133.3041
2026-01-15 03:00,RK_Puram,178.28,121.66701,110.41245
2026-01-15 04:00,RK_Puram,123.26,123.06658,86.04301
2026-01-15 05:00,RK_Puram,74.9,73.471596,57.673817
2026-01-15 06:00,RK_Puram,64.53,63.822212,49.877197
2026-01-15 07:00,RK_Puram,64.11,84.82297,54.32236
2026-01-15 08:00,RK_Puram,102.82,70.53093,57.03672
2026-01-15 09:00,RK_Puram,107.97,78.02096,60.935463
2026-01-15 10:00,RK_Puram,106.13,83.69993,80.32311
2026-01-15 11:00,RK_Puram,220.01,149.4195,135.58069
2026-01-15 12:00,RK_Puram,230.12,208.0076,226.59128
2026-01-15 13:00,RK_Puram,320.33,281.94492,251.23247
2026-01-15 14:00,RK_Puram,750.0,432.00702,438.26382
2026-01-15 15:00,RK_Puram,750.0,444.9113,450.46625
2026-01-15 16:00,RK_Puram,750.0,468.17328,448.46683
2026-01-15 17:00,RK_Puram,750.0,436.2154,479.60645
2026-01-15 18:00,RK_Puram,750.0,472.57278,532.91174
2026-01-15 19:00,RK_Puram,750.0,463.9174,442.0424
2026-01-15 20:00,RK_Puram,750.0,418.2958,463.49316
2026-01-15 21:00,RK_Puram,750.0,483.40555,437.02042
2026-01-15 22:00,RK_Puram,750.0,406.32443,461.36093
2026-01-15 23:00,RK_Puram,750.0,420.08362,458.69714
2026-01-16 00:00,RK_Puram,750.0,358.6204,436.33133
2026-01-16 01:00,RK_Puram,423.89,269.94794,233.82527
2026-01-16 02:00,RK_Puram,173.85,151.80084,129.63083
2026-01-16 03:00,RK_Puram,142.35,108.1668,98.380424
2026-01-16 04:00,RK_Puram,109.03,115.54468,78.48134
2026-01-16 05:00,RK_Puram,102.23,70.0512,57.3539
2026-01-16 06:00,RK_Puram,67.3,61.575516,56.604618
2026-01-16 07:00,RK_Puram,84.22,65.298805,51.294212
2026-01-16 08:00,RK_Puram,74.03,66.29689,56.57026
2026-01-16 09:00,RK_Puram,90.13,66.8243,55.824078
2026-01-16 10:00,RK_Puram,110.84,81.4302,78.82919
2026-01-16 11:00,RK_Puram,176.6,149.02393,143.34738
2026-01-16 12:00,RK_Puram,375.47,197.41132,178.40218
2026-01-16 13:00,RK_Puram,598.65,241.62236,261.2858
2026-01-16 14:00,RK_Puram,750.0,431.5397,426.37057
2026-01-16 15:00,RK_Puram,750.0,441.72202,445.60834
2026-01-16 16:00,RK_Puram,750.0,441.6024,444.8825
2026-01-16 17:00,RK_Puram,750.0,430.44174,432.258
2026-01-16 18:00,RK_Puram,750.0,472.81274,486.20825
2026-01-16 19:00,RK_Puram,750.0,467.47412,444.15555
2026-01-16 20:00,RK_Puram,750.0,422.12494,406.58868
2026-01-16 21:00,RK_Puram,750.0,422.61304,466.28995
2026-01-16 22:00,RK_Puram,750.0,426.1869,424.8135
2026-01-16 23:00,RK_Puram,750.0,419.4726,459.9136
2026-01-17 00:00,RK_Puram,737.65,372.32596,401.23874
2026-01-17 01:00,RK_Puram,302.45,274.87238,246.32494
2026-01-17 02:00,RK_Puram,269.44,150.47911,129.19534
2026-01-17 03:00,RK_Puram,159.96,151.8173,121.51563
2026-01-17 04:00,RK_Puram,142.98,138.0833,102.399925
2026-01-17 05:00,RK_Puram,70.79,102.34847,64.120544
2026-01-17 06:00,RK_Puram,81.62,72.58077,56.958405
2026-01-17 07:00,RK_Puram,57.51,68.63366,54.816284
2026-01-17 08:00,RK_Puram,75.74,74.49189,60.58332
2026-01-17 09:00,RK_Puram,92.59,80.55285,64.913284
2026-01-17 10:00,RK_Puram,105.36,87.92874,71.13405
2026-01-17 11:00,RK_Puram,190.61,158.5715,142.3043
2026-01-17 12:00,RK_Puram,233.95,221.59279,210.49013
2026-01-17 13:00,RK_Puram,381.65,307.10114,336.5326
2026-01-17 14:00,RK_Puram,750.0,444.6692,455.05835
2026-01-17 15:00,RK_Puram,750.0,427.55826,449.8283
2026-01-17 16:00,RK_Puram,750.0,422.6737,433.2747
2026-01-17 17:00,RK_Puram,750.0,431.96912,430.557
2026-01-17 18:00,RK_Puram,750.0,472.59238,496.3917
2026-01-17 19:00,RK_Puram,750.0,451.63495,487.6176
2026-01-17 20:00,RK_Puram,750.0,422.3088,416.9502
2026-01-17 21:00,RK_Puram,750.0,424.9204,423.27643
2026-01-17 22:00,RK_Puram,750.0,429.866,423.10184
2026-01-17 23:00,RK_Puram,750.0,420.7946,414.23743
2026-01-18 00:00,RK_Puram,750.0,340.2553,355.0726
2026-01-18 01:00,RK_Puram,546.96,304.25262,260.58408
2026-01-18 02:00,RK_Puram,179.22,161.13731,145.37921
2026-01-18 03:00,RK_Puram,196.42,118.54307,107.05659
2026-01-18 04:00,RK_Puram,141.29,97.26816,87.819214
2026-01-18 05:00,RK_Puram,60.59,68.02483,53.20416
2026-01-18 06:00,RK_Puram,77.56,62.160053,52.656643
2026-01-18 07:00,RK_Puram,68.25,69.32138,55.82802
2026-01-18 08:00,RK_Puram,58.75,69.603966,67.17452
2026-01-18 09:00,RK_Puram,78.01,96.39355,60.6503
2026-01-18 10:00,RK_Puram,142.42,106.25901,69.620605
2026-01-18 11:00,RK_Puram,213.0,149.76038,121.20566
2026-01-18 12:00,RK_Puram,214.06,193.09215,201.93492
2026-01-18 13:00,RK_Puram,454.41,255.22812,323.48523
2026-01-18 14:00,RK_Puram,750.0,457.0725,435.12268
2026-01-18 15:00,RK_Puram,750.0,431.85986,436.6386
2026-01-18 16:00,RK_Puram,750.0,424.52808,426.0878
2026-01-18 17:00,RK_Puram,750.0,465.69864,529.09814
2026-01-18 18:00,RK_Puram,750.0,471.9593,546.4165
2026-01-18 19:00,RK_Puram,750.0,507.69232,470.84677
2026-01-18 20:00,RK_Puram,750.0,417.6813,450.88284
2026-01-18 21:00,RK_Puram,750.0,422.63986,468.44147
2026-01-18 22:00,RK_Puram,750.0,427.17294,462.44232
2026-01-18 23:00,RK_Puram,750.0,428.58508,468.0421
2026-01-19 00:00,RK_Puram,750.0,377.41693,401.92914
2026-01-19 01:00,RK_Puram,425.21,264.81284,239.88924
2026-01-19 02:00,RK_Puram,162.93,154.89052,126.02694
2026-01-19 03:00,RK_Puram,149.56,135.97754,122.57055
2026-01-19 04:00,RK_Puram,107.47,131.51604,95.62287
2026-01-19 05:00,RK_Puram,83.63,76.586784,61.99547
2026-01-19 06:00,RK_Puram,87.56,68.98066,51.585964
2026-01-19 07:00,RK_Puram,69.08,68.392746,54.235332
2026-01-19 08:00,RK_Puram,106.36,68.1831,54.42295
2026-01-19 09:00,RK_Puram,81.87,94.7259,65.664795
2026-01-19 10:00,RK_Puram,137.61,102.9042,79.41749
2026-01-19 11:00,RK_Puram,185.07,166.07407,158.427
2026-01-19 12:00,RK_Puram,225.11,178.29358,166.67769
2026-01-19 13:00,RK_Puram,394.2,262.03812,250.32318
2026-01-19 14:00,RK_Puram,750.0,446.79346,450.42554
2026-01-19 15:00,RK_Puram,750.0,435.95905,435.39465
2026-01-19 16:00,RK_Puram,731.38,423.29123,431.6204
2026-01-19 17:00,RK_Puram,750.0,462.10715,561.63873
2026-01-19 18:00,RK_Puram,750.0,466.471,495.99786
2026-01-19 19:00,RK_Puram,750.0,436.27936,484.36716
2026-01-19 20:00,RK_Puram,750.0,441.06696,461.0577
2026-01-19 21:00,RK_Puram,750.0,427.4693,472.54086
2026-01-19 22:00,RK_Puram,750.0,422.8249,423.05664
2026-01-19 23:00,RK_Puram,750.0,421.7755,413.1343
2026-01-20 00:00,RK_Puram,750.0,423.71194,411.40332
2026-01-20 01:00,RK_Puram,368.72,233.72836,229.39372
2026-01-20 02:00,RK_Puram,225.31,134.67126,119.28613
2026-01-20 03:00,RK_Puram,144.06,129.22847,110.0519
2026-01-20 04:00,RK_Puram,147.45,103.77376,91.473526
2026-01-20 05:00,RK_Puram,65.24,90.91161,58.076355
2026-01-20 06:00,RK_Puram,64.19,62.982174,55.36276
2026-01-20 07:00,RK_Puram,63.23,64.10504,51.65796
2026-01-20 08:00,RK_Puram,60.95,69.29059,56.534916
2026-01-20 09:00,RK_Puram,81.97,70.87833,58.03883
2026-01-20 10:00,RK_Puram,102.31,74.72318,63.564518
2026-01-20 11:00,RK_Puram,223.73,153.69063,137.38695
2026-01-20 12:00,RK_Puram,218.52,239.22801,193.86334
2026-01-20 13:00,RK_Puram,290.35,220.3895,330.5253
2026-01-20 14:00,RK_Puram,750.0,456.54218,432.66736
2026-01-20 15:00,RK_Puram,750.0,424.4715,442.14337
2026-01-20 16:00,RK_Puram,750.0,439.8531,401.5091
2026-01-20 17:00,RK_Puram,750.0,422.48035,426.84293
2026-01-20 18:00,RK_Puram,750.0,467.4211,484.29208
2026-01-20 19:00,RK_Puram,750.0,469.98547,439.34433
2026-01-20 20:00,RK_Puram,750.0,413.22977,457.944
2026-01-20 21:00,RK_Puram,750.0,412.68665,408.0983
2026-01-20 22:00,RK_Puram,750.0,414.2931,465.9123
2026-01-20 23:00,RK_Puram,750.0,411.2429,454.89764
2026-01-21 00:00,RK_Puram,750.0,392.48755,452.26175
2026-01-21 01:00,RK_Puram,421.37,271.5034,251.02025
2026-01-21 02:00,RK_Puram,173.22,152.38914,132.53961
2026-01-21 03:00,RK_Puram,165.86,116.82445,95.70714
2026-01-21 04:00,RK_Puram,173.39,96.7754,76.99398
2026-01-21 05:00,RK_Puram,85.84,62.235226,54.20705
2026-01-21 06:00,RK_Puram,71.85,55.948017,42.227478
2026-01-21 07:00,RK_Puram,64.77,62.81018,52.926125
2026-01-21 08:00,RK_Puram,93.23,62.299606,52.126705
2026-01-21 09:00,RK_Puram,73.62,67.82771,55.51345
2026-01-21 10:00,RK_Puram,83.44,80.084496,68.22996
2026-01-21 11:00,RK_Puram,193.28,174.3069,154.48685
2026-01-21 12:00,RK_Puram,226.71,161.86784,182.28294
2026-01-21 13:00,RK_Puram,554.91,327.76526,326.59222
2026-01-21 14:00,RK_Puram,750.0,432.87323,451.6981
2026-01-21 15:00,RK_Puram,750.0,441.66913,431.3824
2026-01-21 16:00,RK_Puram,750.0,422.2559,443.24127
2026-01-21 17:00,RK_Puram,750.0,439.80997,473.93826
2026-01-21 18:00,RK_Puram,750.0,467.89352,452.72086
2026-01-21 19:00,RK_Puram,750.0,468.23315,421.1819
2026-01-21 20:00,RK_Puram,750.0,439.517,458.37955
2026-01-21 21:00,RK_Puram,750.0,432.70093,424.28687
2026-01-21 22:00,RK_Puram,750.0,437.9586,467.26892
2026-01-21 23:00,RK_Puram,750.0,425.0034,459.40326
2026-01-22 00:00,RK_Puram,678.01,387.05484,450.96976
2026-01-22 01:00,RK_Puram,431.06,261.62863,224.70863
2026-01-22 02:00,RK_Puram,166.11,159.3044,143.83441
2026-01-22 03:00,RK_Puram,161.67,128.38142,110.59665
2026-01-22 04:00,RK_Puram,134.89,119.43071,110.19966
2026-01-22 05:00,RK_Puram,102.27,71.365265,55.109135
2026-01-22 06:00,RK_Puram,100.21,64.21769,54.48936
2026-01-22 07:00,RK_Puram,83.17,65.88427,55.058823
2026-01-22 08:00,RK_Puram,89.03,69.85023,55.213917
2026-01-22 09:00,RK_Puram,65.1,75.61787,66.044685
2026-01-22 10:00,RK_Puram,103.33,83.056015,81.041275
2026-01-22 11:00,RK_Puram,198.06,150.26161,145.43637
2026-01-22 12:00,RK_Puram,222.64,218.53773,171.8681
2026-01-22 13:00,RK_Puram,299.21,217.4596,298.60776
2026-01-22 14:00,RK_Puram,750.0,455.86,451.7379
2026-01-22 15:00,RK_Puram,750.0,446.4814,425.95456
2026-01-22 16:00,RK_Puram,704.29,425.94254,446.25897
2026-01-22 17:00,RK_Puram,750.0,435.1261,477.18674
2026-01-22 18:00,RK_Puram,750.0,462.84363,449.54657
2026-01-22 19:00,RK_Puram,750.0,471.75748,471.56647
2026-01-22 20:00,RK_Puram,750.0,422.4535,419.24744
2026-01-22 21:00,RK_Puram,750.0,437.25415,468.805
2026-01-22 22:00,RK_Puram,750.0,416.97836,417.68182
2026-01-22 23:00,RK_Puram,750.0,432.61993,459.23096
2026-01-23 00:00,RK_Puram,617.3,428.50037,415.88754
2026-01-23 01:00,RK_Puram,351.77,213.094,197.52695
2026-01-23 02:00,RK_Puram,193.35,142.20874,126.71559
2026-01-23 03:00,RK_Puram,172.28,121.7894,99.17479
2026-01-23 04:00,RK_Puram,139.19,94.438385,77.70462
2026-01-23 05:00,RK_Puram,72.45,90.26985,53.61647
2026-01-23 06:00,RK_Puram,69.31,53.417286,49.67636
2026-01-23 07:00,RK_Puram,55.92,79.1085,48.086475
2026-01-23 08:00,RK_Puram,70.26,80.72729,50.428177
2026-01-23 09:00,RK_Puram,111.61,67.541595,53.136997
2026-01-23 10:00,RK_Puram,84.32,71.77894,72.2375
2026-01-23 11:00,RK_Puram,216.55,152.12895,133.69617
2026-01-23 12:00,RK_Puram,352.99,197.8633,157.63707
2026-01-23 13:00,RK_Puram,478.6,278.34735,282.41367
2026-01-23 14:00,RK_Puram,750.0,425.61328,442.78857
2026-01-23 15:00,RK_Puram,750.0,471.30038,463.3647
2026-01-23 16:00,RK_Puram,635.47,444.6906,441.1672
2026-01-23 17:00,RK_Puram,750.0,416.48257,421.6648
2026-01-23 18:00,RK_Puram,750.0,468.0451,440.86935
2026-01-23 19:00,RK_Puram,750.0,467.85757,464.18372
2026-01-23 20:00,RK_Puram,750.0,408.4244,419.1005
2026-01-23 21:00,RK_Puram,750.0,477.85452,437.28033
2026-01-23 22:00,RK_Puram,750.0,482.21622,435.5562
2026-01-23 23:00,RK_Puram,750.0,422.5312,415.75757
2026-01-24 00:00,RK_Puram,661.01,349.50128,432.9137
2026-01-24 01:00,RK_Puram,334.29,241.16444,228.27979
2026-01-24 02:00,RK_Puram,256.28,148.65767,129.24652
2026-01-24 03:00,RK_Puram,160.83,114.074265,100.02752
2026-01-24 04:00,RK_Puram,110.92,106.700134,92.24797
2026-01-24 05:00,RK_Puram,81.34,68.98395,54.068493
2026-01-24 06:00,RK_Puram,53.75,82.7498,50.130177
2026-01-24 07:00,RK_Puram,95.19,64.66522,52.916298
2026-01-24 08:00,RK_Puram,81.09,68.69884,57.35246
2026-01-24 09:00,RK_Puram,70.34,73.31957,63.853676
2026-01-24 10:00,RK_Puram,88.96,83.98816,78.76528
2026-01-24 11:00,RK_Puram,174.25,143.69878,135.42422
2026-01-24 12:00,RK_Puram,282.07,201.18959,185.15057
2026-01-24 13:00,RK_Puram,387.89,281.21982,261.8273
2026-01-24 14:00,RK_Puram,750.0,439.28165,448.48355
2026-01-24 15:00,RK_Puram,750.0,415.83765,442.96844
2026-01-24 16:00,RK_Puram,750.0,424.26062,446.4166
2026-01-24 17:00,RK_Puram,750.0,439.34772,431.76334
2026-01-24 18:00,RK_Puram,750.0,462.0076,441.042
2026-01-24 19:00,RK_Puram,750.0,467.38113,438.7998
2026-01-24 20:00,RK_Puram,750.0,406.59482,462.42706
2026-01-24 21:00,RK_Puram,750.0,427.47015,428.4704
2026-01-24 22:00,RK_Puram,750.0,459.7216,416.6494
2026-01-24 23:00,RK_Puram,750.0,414.8058,457.6828
2026-01-25 00:00,RK_Puram,736.3,344.36176,390.13077
2026-01-25 01:00,RK_Puram,407.43,303.70078,260.1169
2026-01-25 02:00,RK_Puram,221.13,157.10779,131.01485
2026-01-25 03:00,RK_Puram,157.86,133.19598,124.00592
2026-01-25 04:00,RK_Puram,134.84,92.12469,72.626495
2026-01-25 05:00,RK_Puram,77.09,66.640625,51.010418
2026-01-25 06:00,RK_Puram,78.69,61.52233,52.310436
2026-01-25 07:00,RK_Puram,87.75,65.32188,54.277233
2026-01-25 08:00,RK_Puram,59.12,67.697914,55.86462
2026-01-25 09:00,RK_Puram,81.96,73.40253,59.59837
2026-01-25 10:00,RK_Puram,100.8,80.98794,79.18866
2026-01-25 11:00,RK_Puram,190.6,148.90424,143.73613
2026-01-25 12:00,RK_Puram,296.34,167.96884,158.31827
2026-01-25 13:00,RK_Puram,434.37,259.52106,336.60593
2026-01-25 14:00,RK_Puram,750.0,454.889,437.2851
2026-01-25 15:00,RK_Puram,750.0,429.6234,458.64322
2026-01-25 16:00,RK_Puram,750.0,423.01575,444.01483
2026-01-25 17:00,RK_Puram,750.0,426.69385,475.58307
2026-01-25 18:00,RK_Puram,750.0,473.47928,470.8749
2026-01-25 19:00,RK_Puram,750.0,472.51404,487.5715
2026-01-25 20:00,RK_Puram,750.0,423.3021,421.06308
2026-01-25 21:00,RK_Puram,750.0,483.66336,431.32736
2026-01-25 22:00,RK_Puram,750.0,430.38223,469.46423
2026-01-25 23:00,RK_Puram,750.0,425.5528,419.30908
2026-01-26 00:00,RK_Puram,750.0,377.09586,450.31375
2026-01-26 01:00,RK_Puram,303.46,267.05484,261.85425
2026-01-26 02:00,RK_Puram,203.46,154.50159,140.75117
2026-01-26 03:00,RK_Puram,170.42,149.0645,124.704605
2026-01-26 04:00,RK_Puram,155.68,111.44549,100.03653
2026-01-26 05:00,RK_Puram,86.8,93.40221,59.375748
2026-01-26 06:00,RK_Puram,67.67,65.54616,54.526886
2026-01-26 07:00,RK_Puram,83.71,66.91331,55.601894
2026-01-26 08:00,RK_Puram,62.63,70.638336,57.57244
2026-01-26 09:00,RK_Puram,78.8,74.92968,61.53833
2026-01-26 10:00,RK_Puram,126.11,84.2213,67.492874
2026-01-26 11:00,RK_Puram,166.06,142.4137,136.03496
2026-01-26 12:00,RK_Puram,236.79,212.64125,176.20857
2026-01-26 13:00,RK_Puram,473.44,336.90582,328.6528
2026-01-26 14:00,RK_Puram,750.0,424.00568,421.8549
2026-01-26 15:00,RK_Puram,750.0,436.1539,452.5282
2026-01-26 16:00,RK_Puram,750.0,426.89825,420.1256
2026-01-26 17:00,RK_Puram,750.0,493.3275,439.56744
2026-01-26 18:00,RK_Puram,681.42,470.5784,453.96933
2026-01-26 19:00,RK_Puram,750.0,438.03998,440.06778
2026-01-26 20:00,RK_Puram,750.0,429.9208,412.72314
2026-01-26 21:00,RK_Puram,750.0,423.49417,422.99332
2026-01-26 22:00,RK_Puram,750.0,424.0513,423.47305
2026-01-26 23:00,RK_Puram,750.0,421.1538,415.13943
2026-01-27 00:00,RK_Puram,750.0,361.25833,434.26727
2026-01-27 01:00,RK_Puram,381.7,271.32886,226.8408
2026-01-27 02:00,RK_Puram,210.87,139.24399,137.02557
2026-01-27 03:00,RK_Puram,137.88,134.92453,105.95635
2026-01-27 04:00,RK_Puram,124.51,104.394905,87.78411
2026-01-27 05:00,RK_Puram,98.96,66.1738,56.008167
2026-01-27 06:00,RK_Puram,92.18,62.94858,53.463524
2026-01-27 07:00,RK_Puram,90.6,63.696175,52.841644
2026-01-27 08:00,RK_Puram,60.94,68.53192,58.527256
2026-01-27 09:00,RK_Puram,60.06,94.66722,58.403946
2026-01-27 10:00,RK_Puram,94.37,103.83389,81.57918
2026-01-27 11:00,RK_Puram,198.0,134.07515,131.40286
2026-01-27 12:00,RK_Puram,234.92,193.64343,168.045
2026-01-27 13:00,RK_Puram,474.31,225.15752,281.64764
2026-01-27 14:00,RK_Puram,750.0,440.93076,434.75995
2026-01-27 15:00,RK_Puram,750.0,429.99167,443.41605
2026-01-27 16:00,RK_Puram,739.4,424.7339,446.66522
2026-01-27 17:00,RK_Puram,750.0,440.2352,426.76996
2026-01-27 18:00,RK_Puram,750.0,456.0563,451.32614
2026-01-27 19:00,RK_Puram,750.0,470.49448,443.91226
2026-01-27 20:00,RK_Puram,750.0,437.17517,457.14597
2026-01-27 21:00,RK_Puram,750.0,425.08682,427.75507
2026-01-27 22:00,RK_Puram,750.0,427.7581,424.10794
2026-01-27 23:00,RK_Puram,750.0,426.70758,461.34753
2026-01-28 00:00,RK_Puram,750.0,379.63303,449.82657
2026-01-28 01:00,RK_Puram,319.69,259.55728,228.80135
2026-01-28 02:00,RK_Puram,215.3,151.72932,145.09613
2026-01-28 03:00,RK_Puram,162.84,127.249275,114.88249
2026-01-28 04:00,RK_Puram,138.46,101.33278,81.87672
2026-01-28 05:00,RK_Puram,87.15,70.64326,58.154972
2026-01-28 06:00,RK_Puram,61.78,87.24798,57.126343
2026-01-28 07:00,RK_Puram,76.32,64.85639,52.326004
2026-01-28 08:00,RK_Puram,73.07,89.80765,54.16934
2026-01-28 09:00,RK_Puram,100.03,71.26395,61.032574
2026-01-28 10:00,RK_Puram,122.76,80.94831,79.1349
2026-01-28 11:00,RK_Puram,201.22,147.3465,137.13228
2026-01-28 12:00,RK_Puram,297.14,169.92726,169.54341
2026-01-28 13:00,RK_Puram,456.34,262.82898,344.8464
2026-01-28 14:00,RK_Puram,750.0,420.20874,451.52982
2026-01-28 15:00,RK_Puram,750.0,444.40814,450.72665
2026-01-28 16:00,RK_Puram,750.0,442.61795,433.0631
2026-01-28 17:00,RK_Puram,750.0,430.30804,426.8548
