timestamp,station_id,actual_pm25,baseline_prediction,coupled_prediction,pm25_target_6h,ventilation_coeff,stagnation_indicator,inversion_indicator
2024-03-19 02:00,Anand_Vihar,63.1,52.867615,51.23599,63.1,118.80000000000001,0,1
2024-03-19 03:00,Anand_Vihar,59.6,61.846443,61.25213,59.6,92.7,0,1
2024-03-19 04:00,Anand_Vihar,54.9,57.320637,57.802807,54.9,99.45,0,1
2024-03-19 05:00,Anand_Vihar,44.9,54.935444,53.770683,44.9,104.85000000000001,0,1
2024-03-19 06:00,Anand_Vihar,39.7,44.24034,40.17734,39.7,108.89999999999999,0,1
2024-03-19 07:00,Anand_Vihar,37.0,40.61984,41.003246,37.0,77.4,0,0
2024-03-19 08:00,Anand_Vihar,32.2,41.500877,38.787987,32.2,48.6,1,0
2024-03-19 09:00,Anand_Vihar,28.6,41.99462,38.482327,28.6,42.75,1,0
2024-03-19 10:00,Anand_Vihar,27.3,47.274628,42.131588,27.3,54.449999999999996,1,0
2024-03-19 11:00,Anand_Vihar,38.5,72.84845,62.98319,38.5,68.4,0,0
2024-03-19 12:00,Anand_Vihar,44.2,83.761986,74.83372,44.2,90.44999999999999,0,0
2024-03-19 13:00,Anand_Vihar,49.8,83.1292,78.46095,49.8,111.6,0,0
2024-03-19 14:00,Anand_Vihar,55.6,73.7064,65.852295,55.6,189.0,0,0
2024-03-19 15:00,Anand_Vihar,62.2,71.17905,60.36358,62.2,198.00000000000003,0,0
2024-03-19 16:00,Anand_Vihar,69.8,67.93909,60.688313,69.8,169.2,0,0
2024-03-19 17:00,Anand_Vihar,76.8,66.431366,68.952324,76.8,159.3,0,0
2024-03-19 18:00,Anand_Vihar,79.9,69.24366,68.05553,79.9,94.5,0,0
2024-03-19 19:00,Anand_Vihar,79.9,44.494877,48.414177,79.9,144.9,0,0
2024-03-19 20:00,Anand_Vihar,76.8,59.413517,53.891434,76.8,117.0,0,0
2024-03-19 21:00,Anand_Vihar,71.2,57.520386,57.31536,71.2,89.55,0,1
2024-03-19 22:00,Anand_Vihar,65.7,48.229786,47.604893,65.7,117.9,0,1
2024-03-19 23:00,Anand_Vihar,56.0,46.17392,48.345802,56.0,100.80000000000001,0,1
2024-03-20 00:00,Anand_Vihar,58.4,46.583126,46.621414,58.4,52.65,1,1
2024-03-20 01:00,Anand_Vihar,68.9,53.76048,48.89568,68.9,57.6,1,1
2024-03-20 02:00,Anand_Vihar,68.7,65.11221,59.060204,68.7,76.5,0,1
2024-03-20 03:00,Anand_Vihar,63.8,63.734688,56.806732,63.8,85.05,0,1
2024-03-20 04:00,Anand_Vihar,53.3,65.68304,59.57734,53.3,90.0,0,1
2024-03-20 05:00,Anand_Vihar,44.5,71.35707,61.324024,44.5,94.94999999999999,0,1
2024-03-20 06:00,Anand_Vihar,40.0,62.019722,54.18893,40.0,88.65,0,1
2024-03-20 07:00,Anand_Vihar,37.8,57.52722,53.65596,37.8,121.05,0,0
2024-03-20 08:00,Anand_Vihar,37.1,59.812653,51.193756,37.1,92.7,0,0
2024-03-20 09:00,Anand_Vihar,37.0,56.478,50.84523,37.0,76.5,0,0
2024-03-20 10:00,Anand_Vihar,37.4,71.67326,58.294006,37.4,101.25,0,0
2024-03-20 11:00,Anand_Vihar,37.7,71.653,63.077724,37.7,124.65,0,0
2024-03-20 12:00,Anand_Vihar,49.8,73.52308,67.44498,49.8,108.89999999999999,0,0
2024-03-20 13:00,Anand_Vihar,63.6,78.929886,71.61151,63.6,71.10000000000001,0,0
2024-03-20 14:00,Anand_Vihar,72.6,81.71865,70.86799,72.6,61.2,1,0
2024-03-20 15:00,Anand_Vihar,74.3,79.87645,69.82935,74.3,58.5,1,0
2024-03-20 16:00,Anand_Vihar,73.6,87.859116,88.271385,73.6,84.15,0,0
2024-03-20 17:00,Anand_Vihar,70.5,85.77026,85.20857,70.5,99.45,0,0
2024-03-20 18:00,Anand_Vihar,63.8,54.218163,61.0081,63.8,131.4,0,0
2024-03-20 19:00,Anand_Vihar,55.1,50.03603,49.275326,55.1,147.6,0,0
2024-03-20 20:00,Anand_Vihar,49.4,52.395844,47.105698,49.4,131.4,0,0
2024-03-20 21:00,Anand_Vihar,47.6,63.3701,51.716908,47.6,100.80000000000001,0,1
2024-03-20 22:00,Anand_Vihar,47.0,56.19775,50.510284,47.0,92.24999999999999,0,1
2024-03-20 23:00,Anand_Vihar,52.4,52.01632,46.25923,52.4,135.45,0,1
2024-03-21 00:00,Anand_Vihar,60.1,50.34766,48.484917,60.1,122.4,0,1
2024-03-21 01:00,Anand_Vihar,67.3,51.0126,49.04068,67.3,92.7,0,1
2024-03-21 02:00,Anand_Vihar,72.9,56.58468,55.11744,72.9,209.70000000000002,0,1
2024-03-21 03:00,Anand_Vihar,76.4,56.725327,55.494198,76.4,200.7,0,1
2024-03-21 04:00,Anand_Vihar,77.8,55.59886,53.646843,77.8,221.4,0,1
2024-03-21 05:00,Anand_Vihar,77.8,53.85541,52.53165,77.8,184.49999999999997,0,1
2024-03-21 06:00,Anand_Vihar,76.6,43.335445,44.24118,76.6,180.89999999999998,0,1
2024-03-21 07:00,Anand_Vihar,72.6,43.20892,43.98599,72.6,171.45,0,0
2024-03-21 08:00,Anand_Vihar,68.7,42.877758,40.214844,68.7,234.0,0,0
2024-03-21 09:00,Anand_Vihar,64.5,42.793087,38.62805,64.5,229.49999999999997,0,0
2024-03-21 10:00,Anand_Vihar,61.5,45.771683,40.329716,61.5,218.24999999999997,0,0
2024-03-21 11:00,Anand_Vihar,60.5,57.29644,54.63814,60.5,204.75,0,0
2024-03-21 12:00,Anand_Vihar,68.9,79.30723,73.86464,68.9,188.55,0,0
2024-03-21 13:00,Anand_Vihar,73.8,80.66473,70.12539,73.8,173.7,0,0
2024-03-21 14:00,Anand_Vihar,71.5,71.270485,72.15988,71.5,132.3,0,0
2024-03-21 15:00,Anand_Vihar,66.4,83.267975,84.18917,66.4,102.6,0,0
2024-03-21 16:00,Anand_Vihar,62.6,82.74749,83.19079,62.6,96.30000000000001,0,0
2024-03-21 17:00,Anand_Vihar,59.6,82.19162,81.909,59.6,98.55,0,0
2024-03-21 18:00,Anand_Vihar,57.2,78.995995,72.81527,57.2,108.89999999999999,0,0
2024-03-21 19:00,Anand_Vihar,56.0,71.26281,66.747955,56.0,110.25000000000001,0,0
2024-03-21 20:00,Anand_Vihar,54.8,59.708805,57.473938,54.8,135.45,0,0
2024-03-21 21:00,Anand_Vihar,53.1,61.210827,58.76741,53.1,111.6,0,1
2024-03-21 22:00,Anand_Vihar,51.1,53.81032,54.499714,51.1,119.7,0,1
2024-03-21 23:00,Anand_Vihar,49.5,46.154465,47.94661,49.5,150.75,0,1
2024-03-22 00:00,Anand_Vihar,49.7,47.99507,48.777653,49.7,155.25,0,1
2024-03-22 01:00,Anand_Vihar,52.5,53.592537,52.905888,52.5,141.3,0,1
2024-03-22 02:00,Anand_Vihar,54.7,60.597473,61.87982,54.7,121.05,0,1
2024-03-22 03:00,Anand_Vihar,55.9,54.808342,56.584805,55.9,133.65,0,1
2024-03-22 04:00,Anand_Vihar,57.2,51.126823,47.682858,57.2,141.3,0,1
2024-03-22 05:00,Anand_Vihar,56.2,50.203274,46.469475,56.2,147.6,0,1
2024-03-22 06:00,Anand_Vihar,54.1,45.90818,41.413147,54.1,89.1,0,1
2024-03-22 07:00,Anand_Vihar,51.0,45.45198,46.066013,51.0,124.65,0,0
2024-03-22 08:00,Anand_Vihar,49.0,43.70006,44.269367,49.0,132.75,0,0
2024-03-22 09:00,Anand_Vihar,48.5,47.046585,46.1467,48.5,153.0,0,0
2024-03-22 10:00,Anand_Vihar,49.4,76.05137,63.133293,49.4,147.6,0,0
2024-03-22 11:00,Anand_Vihar,63.6,79.708855,68.99145,63.6,137.25,0,0
2024-03-22 12:00,Anand_Vihar,86.1,88.660904,81.06329,86.1,112.5,0,0
2024-03-22 13:00,Anand_Vihar,101.3,92.8576,89.77506,101.3,82.8,0,0
2024-03-22 14:00,Anand_Vihar,107.3,91.730736,90.86518,107.3,67.05,1,0
2024-03-22 15:00,Anand_Vihar,104.3,89.53195,89.85933,104.3,56.25,1,0
2024-03-22 16:00,Anand_Vihar,98.0,86.57075,90.92029,98.0,76.5,0,0
2024-03-22 17:00,Anand_Vihar,90.8,76.394806,74.74926,90.8,185.85,0,0
2024-03-22 18:00,Anand_Vihar,83.4,82.35684,81.94139,83.4,121.50000000000001,0,0
2024-03-22 19:00,Anand_Vihar,76.4,61.746845,62.002445,76.4,118.80000000000001,0,0
2024-03-22 20:00,Anand_Vihar,68.5,71.51179,62.74649,68.5,46.800000000000004,1,0
2024-03-22 21:00,Anand_Vihar,60.8,67.878685,68.260704,60.8,20.25,1,1
2024-03-22 22:00,Anand_Vihar,54.9,61.822113,64.1578,54.9,62.55,1,1
2024-03-22 23:00,Anand_Vihar,47.6,61.749912,56.00757,47.6,72.0,0,1
2024-03-23 00:00,Anand_Vihar,47.8,61.1039,57.281605,47.8,121.50000000000001,0,1
2024-03-23 01:00,Anand_Vihar,51.5,65.498604,63.640224,51.5,95.4,0,1
2024-03-23 02:00,Anand_Vihar,53.0,66.87434,68.76399,53.0,101.69999999999999,0,1
2024-03-23 03:00,Anand_Vihar,52.7,68.82414,67.17176,52.7,97.2,0,1
2024-03-23 04:00,Anand_Vihar,50.2,68.20221,64.758705,50.2,104.85000000000001,0,1
2024-03-23 05:00,Anand_Vihar,40.4,59.92698,58.70405,40.4,102.6,0,1
2024-03-23 06:00,Anand_Vihar,34.1,53.95926,53.183163,34.1,81.0,0,1
2024-03-23 07:00,Anand_Vihar,29.5,47.91244,48.965607,29.5,118.80000000000001,0,0
2024-03-23 08:00,Anand_Vihar,27.5,44.794,47.21115,27.5,92.7,0,0
2024-03-23 09:00,Anand_Vihar,27.8,56.93512,59.81797,27.8,115.2,0,0
2024-03-23 10:00,Anand_Vihar,29.7,68.21515,58.04668,29.7,147.15,0,0
2024-03-23 11:00,Anand_Vihar,38.5,63.93433,57.815044,38.5,183.15,0,0
2024-03-23 12:00,Anand_Vihar,47.3,66.6462,62.139217,47.3,211.05,0,0
2024-03-23 13:00,Anand_Vihar,56.5,66.75166,64.58978,56.5,242.1,0,0
2024-03-23 14:00,Anand_Vihar,63.1,69.17799,58.41055,63.1,244.8,0,0
2024-03-23 15:00,Anand_Vihar,66.1,66.56664,59.229702,66.1,254.70000000000002,0,0
2024-03-23 16:00,Anand_Vihar,67.1,69.28994,63.972965,67.1,251.1,0,0
2024-03-23 17:00,Anand_Vihar,65.4,62.799004,64.011765,65.4,199.8,0,0
2024-03-23 18:00,Anand_Vihar,61.9,71.787476,73.71605,61.9,112.5,0,0
2024-03-23 19:00,Anand_Vihar,58.2,63.340534,60.153824,58.2,115.2,0,0
2024-03-23 20:00,Anand_Vihar,53.9,51.774765,50.225582,53.9,106.19999999999999,0,0
2024-03-23 21:00,Anand_Vihar,49.2,49.06985,46.3623,49.2,107.55000000000001,0,1
2024-03-23 22:00,Anand_Vihar,45.2,47.30116,43.563538,45.2,122.85,0,1
2024-03-23 23:00,Anand_Vihar,68.9,49.380707,43.20513,68.9,142.20000000000002,0,1
2024-03-24 00:00,Anand_Vihar,68.5,47.8079,43.98155,68.5,167.4,0,1
2024-03-24 01:00,Anand_Vihar,72.6,46.839626,46.898907,72.6,185.4,0,1
2024-03-24 02:00,Anand_Vihar,71.9,52.13318,50.515358,71.9,175.95000000000002,0,1
2024-03-24 03:00,Anand_Vihar,70.8,55.06968,55.04437,70.8,135.0,0,1
2024-03-24 04:00,Anand_Vihar,54.0,55.522762,53.800873,54.0,50.400000000000006,1,1
2024-03-24 05:00,Anand_Vihar,44.1,48.474358,55.326595,44.1,88.65,0,1
2024-03-24 06:00,Anand_Vihar,42.8,48.09218,50.674026,42.8,88.2,0,1
2024-03-24 07:00,Anand_Vihar,42.8,44.74758,43.062996,42.8,139.5,0,0
2024-03-24 08:00,Anand_Vihar,45.4,44.519577,39.39638,45.4,122.4,0,0
2024-03-24 09:00,Anand_Vihar,48.8,67.47437,55.312397,48.8,139.5,0,0
2024-03-24 10:00,Anand_Vihar,46.7,66.55014,53.49034,46.7,194.4,0,0
2024-03-24 11:00,Anand_Vihar,34.9,71.43346,58.80211,34.9,283.95,0,0
2024-03-24 12:00,Anand_Vihar,36.2,73.3936,60.8639,36.2,267.75,0,0
2024-03-24 13:00,Anand_Vihar,37.8,73.867516,69.52224,37.8,311.84999999999997,0,0
2024-03-24 14:00,Anand_Vihar,43.9,74.73326,69.742836,43.9,375.3,0,0
2024-03-24 15:00,Anand_Vihar,53.6,75.468765,75.30229,53.6,454.5,0,0
2024-03-24 16:00,Anand_Vihar,62.4,64.95395,70.71466,62.4,261.90000000000003,0,0
2024-03-24 17:00,Anand_Vihar,63.1,63.142895,61.69387,63.1,130.5,0,0
2024-03-24 18:00,Anand_Vihar,57.3,51.892868,56.607014,57.3,168.75,0,0
2024-03-24 19:00,Anand_Vihar,54.1,60.278957,57.463524,54.1,106.19999999999999,0,0
2024-03-24 20:00,Anand_Vihar,48.5,68.51856,71.175446,48.5,14.4,1,0
2024-03-24 21:00,Anand_Vihar,43.1,68.35806,65.856606,43.1,31.95,1,1
2024-03-24 22:00,Anand_Vihar,39.5,59.93786,60.44078,39.5,67.5,0,1
2024-03-24 23:00,Anand_Vihar,40.7,52.70432,52.960133,40.7,76.5,0,1
2024-03-25 00:00,Anand_Vihar,40.0,43.94953,50.058434,40.0,104.85000000000001,0,1
2024-03-25 01:00,Anand_Vihar,43.4,47.699574,49.221664,43.4,104.39999999999999,0,1
2024-03-25 02:00,Anand_Vihar,47.7,48.8683,45.364708,47.7,94.5,0,1
2024-03-25 03:00,Anand_Vihar,49.6,48.497814,44.55969,49.6,76.5,0,1
2024-03-25 04:00,Anand_Vihar,50.8,47.036728,46.018467,50.8,73.35,0,1
2024-03-25 05:00,Anand_Vihar,41.9,39.795185,39.973484,41.9,76.5,0,1
2024-03-25 06:00,Anand_Vihar,40.0,38.94505,37.297295,40.0,103.49999999999999,0,1
2024-03-25 07:00,Anand_Vihar,36.4,33.74208,33.793148,36.4,125.1,0,0
2024-03-25 08:00,Anand_Vihar,36.1,36.571995,41.177433,36.1,101.69999999999999,0,0
2024-03-25 09:00,Anand_Vihar,34.9,51.27905,54.741795,34.9,106.65,0,0
2024-03-25 10:00,Anand_Vihar,34.1,61.464466,54.59511,34.1,152.1,0,0
2024-03-25 11:00,Anand_Vihar,34.2,65.35913,59.36195,34.2,171.9,0,0
2024-03-25 12:00,Anand_Vihar,38.9,70.126884,66.54884,38.9,181.35000000000002,0,0
2024-03-25 13:00,Anand_Vihar,42.0,72.52924,74.17176,42.0,203.85000000000002,0,0
2024-03-25 14:00,Anand_Vihar,43.1,75.27929,76.02866,43.1,236.25,0,0
2024-03-25 15:00,Anand_Vihar,43.1,72.163,76.2816,43.1,267.75,0,0
2024-03-25 16:00,Anand_Vihar,42.7,71.12108,73.85165,42.7,279.9,0,0
2024-03-25 17:00,Anand_Vihar,42.3,65.77825,72.31274,42.3,251.54999999999998,0,0
2024-03-25 18:00,Anand_Vihar,41.3,70.942345,73.0852,41.3,149.85,0,0
2024-03-25 19:00,Anand_Vihar,40.9,65.02384,70.31149,40.9,191.25,0,0
2024-03-25 20:00,Anand_Vihar,40.4,49.230824,58.238827,40.4,167.4,0,0
2024-03-25 21:00,Anand_Vihar,40.0,45.246243,53.12627,40.0,153.0,0,1
2024-03-25 22:00,Anand_Vihar,39.5,39.73415,48.008,39.5,136.8,0,1
2024-03-25 23:00,Anand_Vihar,42.7,37.95293,38.957123,42.7,127.8,0,1
2024-03-26 00:00,Anand_Vihar,43.3,45.94782,44.33332,43.3,121.50000000000001,0,1
2024-03-26 01:00,Anand_Vihar,47.3,46.87949,54.124477,47.3,117.9,0,1
2024-03-26 02:00,Anand_Vihar,50.2,51.171463,61.48187,50.2,116.10000000000001,0,1
2024-03-26 03:00,Anand_Vihar,50.4,44.99456,49.488525,50.4,113.85,0,1
2024-03-26 04:00,Anand_Vihar,49.4,43.2036,45.886623,49.4,119.25,0,1
2024-03-26 05:00,Anand_Vihar,46.6,40.215363,44.48254,46.6,104.39999999999999,0,1
2024-03-26 06:00,Anand_Vihar,36.4,38.5747,40.17153,36.4,122.85,0,1
2024-03-26 07:00,Anand_Vihar,31.5,36.04764,40.653057,31.5,144.9,0,0
2024-03-26 08:00,Anand_Vihar,29.7,39.219234,43.18371,29.7,100.80000000000001,0,0
2024-03-26 09:00,Anand_Vihar,29.9,51.374092,53.79444,29.9,95.4,0,0
2024-03-26 10:00,Anand_Vihar,30.7,64.92956,64.26817,30.7,104.39999999999999,0,0
2024-03-26 11:00,Anand_Vihar,39.1,68.685005,68.49866,39.1,125.99999999999999,0,0
2024-03-26 12:00,Anand_Vihar,45.2,70.49656,70.27609,45.2,145.35,0,0
2024-03-26 13:00,Anand_Vihar,51.1,72.95352,75.93345,51.1,166.05,0,0
2024-03-26 14:00,Anand_Vihar,53.8,75.343285,75.772446,53.8,175.95000000000002,0,0
2024-03-26 15:00,Anand_Vihar,55.5,74.01635,76.64902,55.5,173.25,0,0
2024-03-26 16:00,Anand_Vihar,57.6,73.783485,78.20104,57.6,169.65,0,0
2024-03-26 17:00,Anand_Vihar,55.5,71.57481,78.4863,55.5,147.6,0,0
2024-03-26 18:00,Anand_Vihar,51.3,86.47809,85.871864,51.3,100.80000000000001,0,0
2024-03-26 19:00,Anand_Vihar,48.8,69.10506,73.65864,48.8,123.75,0,0
2024-03-26 20:00,Anand_Vihar,48.2,62.436234,62.938473,48.2,113.4,0,0
2024-03-26 21:00,Anand_Vihar,49.0,58.21406,57.57558,49.0,90.9,0,1
2024-03-26 22:00,Anand_Vihar,50.6,52.8608,54.197582,50.6,108.89999999999999,0,1
2024-03-26 23:00,Anand_Vihar,60.1,46.66653,50.775917,60.1,121.50000000000001,0,1
2024-03-27 00:00,Anand_Vihar,65.0,43.106495,47.92254,65.0,148.5,0,1
2024-03-27 01:00,Anand_Vihar,76.6,48.11134,53.379547,76.6,76.5,0,1
2024-03-27 02:00,Anand_Vihar,76.1,51.50145,52.77841,76.1,79.65,0,1
2024-03-27 03:00,Anand_Vihar,67.1,51.00282,55.096687,67.1,104.39999999999999,0,1
2024-03-27 04:00,Anand_Vihar,56.9,52.47698,53.43721,56.9,58.5,1,1
2024-03-27 05:00,Anand_Vihar,49.7,49.194603,51.611996,49.7,50.400000000000006,1,1
2024-03-27 06:00,Anand_Vihar,41.0,41.950233,44.706524,41.0,176.4,0,1
2024-03-27 07:00,Anand_Vihar,35.7,41.43383,39.657337,35.7,90.44999999999999,0,0
2024-03-27 08:00,Anand_Vihar,35.3,43.670593,39.275593,35.3,69.75,0,0
2024-03-27 09:00,Anand_Vihar,35.2,64.795906,56.551277,35.2,46.35,1,0
2024-03-27 10:00,Anand_Vihar,35.0,69.15963,57.157974,35.0,36.9,1,0
2024-03-27 11:00,Anand_Vihar,41.0,75.38362,67.526665,41.0,30.150000000000002,1,0
2024-03-27 12:00,Anand_Vihar,50.6,79.862045,72.722626,50.6,51.3,1,0
2024-03-27 13:00,Anand_Vihar,60.3,74.785446,76.1768,60.3,90.0,0,0
2024-03-27 14:00,Anand_Vihar,67.8,89.4506,91.35652,67.8,113.85,0,0
2024-03-27 15:00,Anand_Vihar,69.2,80.78912,80.70853,69.2,137.25,0,0
2024-03-27 16:00,Anand_Vihar,63.8,74.54211,80.79032,63.8,166.05,0,0
2024-03-27 17:00,Anand_Vihar,58.0,72.84985,77.92682,58.0,140.4,0,0
2024-03-27 18:00,Anand_Vihar,52.7,69.965515,72.436264,52.7,140.4,0,0
2024-03-27 19:00,Anand_Vihar,48.5,68.11124,69.05489,48.5,146.25,0,0
2024-03-27 20:00,Anand_Vihar,45.4,63.40822,62.052094,45.4,202.95,0,0
2024-03-27 21:00,Anand_Vihar,43.7,64.02941,63.018684,43.7,154.8,0,1
2024-03-27 22:00,Anand_Vihar,43.2,63.751602,60.33986,43.2,99.9,0,1
2024-03-27 23:00,Anand_Vihar,42.0,51.603024,52.17107,42.0,121.05,0,1
2024-03-28 00:00,Anand_Vihar,43.1,58.30539,57.469563,43.1,44.1,1,1
2024-03-28 01:00,Anand_Vihar,45.5,51.226475,53.01909,45.5,57.6,1,1
2024-03-28 02:00,Anand_Vihar,47.1,57.282642,57.16323,47.1,81.0,0,1
2024-03-28 03:00,Anand_Vihar,45.9,55.68724,56.078094,45.9,67.05,1,1
2024-03-28 04:00,Anand_Vihar,47.4,49.15446,51.008976,47.4,73.8,0,1
2024-03-28 05:00,Anand_Vihar,48.4,44.553047,50.612423,48.4,85.95,0,1
2024-03-28 06:00,Anand_Vihar,48.2,41.96666,45.8737,48.2,119.7,0,1
2024-03-28 07:00,Anand_Vihar,44.0,37.404316,44.68634,44.0,143.1,0,0
2024-03-28 08:00,Anand_Vihar,38.2,46.889183,48.401203,38.2,108.89999999999999,0,0
2024-03-28 09:00,Anand_Vihar,34.8,60.64955,62.262844,34.8,83.7,0,0
2024-03-28 10:00,Anand_Vihar,33.3,60.489727,62.01448,33.3,64.35,1,0
2024-03-28 11:00,Anand_Vihar,56.7,69.41805,65.21389,56.7,38.7,1,0
2024-03-28 12:00,Anand_Vihar,78.2,80.35062,77.57058,78.2,42.3,1,0
2024-03-28 13:00,Anand_Vihar,78.9,82.58743,84.75341,78.9,60.75000000000001,1,0
2024-03-28 14:00,Anand_Vihar,70.5,93.09018,93.17875,70.5,98.55,0,0
2024-03-28 15:00,Anand_Vihar,59.5,78.24667,79.93755,59.5,136.8,0,0
2024-03-28 16:00,Anand_Vihar,49.4,74.78665,77.13778,49.4,169.65,0,0
2024-03-28 17:00,Anand_Vihar,43.4,72.74476,76.65893,43.4,151.2,0,0
2024-03-28 18:00,Anand_Vihar,41.0,79.724594,76.5939,41.0,157.5,0,0
2024-03-28 19:00,Anand_Vihar,41.6,75.31288,73.19093,41.6,213.75,0,0
2024-03-28 20:00,Anand_Vihar,43.0,72.814255,65.512436,43.0,213.3,0,0
2024-03-28 21:00,Anand_Vihar,45.4,70.90205,65.300064,45.4,184.49999999999997,0,1
2024-03-28 22:00,Anand_Vihar,50.2,73.96713,73.008316,50.2,117.9,0,1
2024-03-28 23:00,Anand_Vihar,60.8,55.446003,60.92179,60.8,87.3,0,1
2024-03-29 00:00,Anand_Vihar,64.0,59.753822,52.86172,64.0,104.85000000000001,0,1
2024-03-29 01:00,Anand_Vihar,70.3,58.53322,54.4356,70.3,100.80000000000001,0,1
2024-03-29 02:00,Anand_Vihar,74.0,55.579235,57.64721,74.0,94.05,0,1
2024-03-29 03:00,Anand_Vihar,70.5,50.710114,54.926373,70.5,82.8,0,1
2024-03-29 04:00,Anand_Vihar,65.7,46.637375,53.49285,65.7,72.0,0,1
2024-03-29 05:00,Anand_Vihar,58.7,43.02056,52.442287,58.7,91.8,0,1
2024-03-29 06:00,Anand_Vihar,58.7,43.968075,48.322784,58.7,55.8,1,1
2024-03-29 07:00,Anand_Vihar,57.7,42.209785,41.356224,57.7,64.35,1,0
2024-03-29 08:00,Anand_Vihar,54.1,45.769886,38.43608,54.1,65.7,1,0
2024-03-29 09:00,Anand_Vihar,50.2,67.2035,60.274208,50.2,94.94999999999999,0,0
2024-03-29 10:00,Anand_Vihar,46.9,69.818756,59.753944,46.9,109.8,0,0
2024-03-29 11:00,Anand_Vihar,47.6,76.69116,68.343864,47.6,108.89999999999999,0,0
2024-03-29 12:00,Anand_Vihar,57.4,83.911064,74.9847,57.4,96.30000000000001,0,0
2024-03-29 13:00,Anand_Vihar,62.4,78.32788,76.38837,62.4,102.6,0,0
2024-03-29 14:00,Anand_Vihar,64.5,77.74478,77.79398,64.5,92.7,0,0
2024-03-29 15:00,Anand_Vihar,63.3,75.687325,77.04029,63.3,135.45,0,0
2024-03-29 16:00,Anand_Vihar,61.9,88.58974,82.37562,61.9,108.89999999999999,0,0
2024-03-29 17:00,Anand_Vihar,61.5,77.571465,75.671936,61.5,195.74999999999997,0,0
2024-03-29 18:00,Anand_Vihar,60.5,86.686035,82.80359,60.5,46.800000000000004,1,0
2024-03-29 19:00,Anand_Vihar,60.1,86.914085,81.98596,60.1,47.7,1,0
2024-03-29 20:00,Anand_Vihar,57.6,77.56648,75.92329,57.6,50.400000000000006,1,0
2024-03-29 21:00,Anand_Vihar,48.9,64.581,63.461685,48.9,182.25,0,1
2024-03-29 22:00,Anand_Vihar,35.5,59.593475,61.309586,35.5,151.2,0,1
2024-03-29 23:00,Anand_Vihar,61.0,56.224987,55.8523,61.0,147.6,0,1
2024-03-30 00:00,Anand_Vihar,55.6,51.37406,51.46116,55.6,135.0,0,1
2024-03-30 01:00,Anand_Vihar,54.5,57.968098,55.427418,54.5,137.25,0,1
2024-03-30 02:00,Anand_Vihar,54.8,59.458702,56.975433,54.8,132.75,0,1
2024-03-30 03:00,Anand_Vihar,55.3,60.618694,58.01623,55.3,99.00000000000001,0,1
2024-03-30 04:00,Anand_Vihar,55.9,57.50231,54.885105,55.9,115.64999999999999,0,1
2024-03-30 05:00,Anand_Vihar,57.7,51.862587,59.325237,57.7,110.7,0,1
2024-03-30 06:00,Anand_Vihar,57.5,48.000896,47.564785,57.5,270.45,0,1
2024-03-30 07:00,Anand_Vihar,52.7,48.58187,47.579006,52.7,221.4,0,0
2024-03-30 08:00,Anand_Vihar,40.9,56.45821,53.83201,40.9,163.8,0,0
2024-03-30 09:00,Anand_Vihar,34.2,77.327644,64.849625,34.2,218.70000000000002,0,0
2024-03-30 10:00,Anand_Vihar,30.7,72.969215,61.61318,30.7,211.05,0,0
2024-03-30 11:00,Anand_Vihar,37.5,81.43369,79.85032,37.5,122.4,0,0
2024-03-30 12:00,Anand_Vihar,40.7,88.33285,82.0682,40.7,51.3,1,0
2024-03-30 13:00,Anand_Vihar,39.9,94.19547,89.77625,39.9,41.4,1,0
2024-03-30 14:00,Anand_Vihar,39.5,96.559746,95.607666,39.5,85.05,0,0
2024-03-30 15:00,Anand_Vihar,40.3,78.79802,76.68082,40.3,202.5,0,0
2024-03-30 16:00,Anand_Vihar,42.0,79.57778,77.65358,42.0,159.75,0,0
2024-03-30 17:00,Anand_Vihar,43.9,79.203766,82.201805,43.9,127.8,0,0
2024-03-30 18:00,Anand_Vihar,44.4,69.99026,74.16857,44.4,166.05,0,0
2024-03-30 19:00,Anand_Vihar,45.5,71.84363,74.07805,45.5,135.0,0,0
2024-03-30 20:00,Anand_Vihar,47.4,59.701237,63.422443,47.4,140.85,0,0
2024-03-30 21:00,Anand_Vihar,50.6,50.960587,55.451725,50.6,133.65,0,1
2024-03-30 22:00,Anand_Vihar,53.0,42.45493,49.115692,53.0,131.4,0,1
2024-03-30 23:00,Anand_Vihar,46.0,44.38362,52.270134,46.0,106.65,0,1
2024-03-31 00:00,Anand_Vihar,51.0,42.001617,46.625813,51.0,105.3,0,1
2024-03-31 01:00,Anand_Vihar,66.4,42.503345,48.329506,66.4,107.55000000000001,0,1
2024-03-31 02:00,Anand_Vihar,60.8,49.101547,52.6489,60.8,40.05,1,1
2024-03-31 03:00,Anand_Vihar,45.5,47.99364,50.522476,45.5,80.55,0,1
2024-03-31 04:00,Anand_Vihar,33.5,47.989746,52.356686,33.5,95.4,0,1
2024-03-31 05:00,Anand_Vihar,29.9,43.29923,47.592827,29.9,63.449999999999996,1,1
2024-03-31 06:00,Anand_Vihar,28.6,38.211132,44.60818,28.6,153.45000000000002,0,1
2024-03-31 07:00,Anand_Vihar,26.5,43.202133,45.594105,26.5,81.0,0,0
2024-03-31 08:00,Anand_Vihar,22.2,47.141243,42.49389,22.2,122.4,0,0
2024-03-31 09:00,Anand_Vihar,21.5,73.29275,64.941795,21.5,121.05,0,0
2024-03-31 10:00,Anand_Vihar,22.3,72.60292,62.3513,22.3,107.55000000000001,0,0
2024-03-31 11:00,Anand_Vihar,27.4,70.49898,65.11858,27.4,124.19999999999999,0,0
2024-03-31 12:00,Anand_Vihar,33.4,72.75908,64.49205,33.4,147.6,0,0
2024-03-31 13:00,Anand_Vihar,39.5,75.00836,63.322624,39.5,177.3,0,0
2024-03-31 14:00,Anand_Vihar,43.4,71.655975,61.500645,43.4,185.85,0,0
2024-03-31 15:00,Anand_Vihar,46.1,65.92765,59.15813,46.1,213.75,0,0
2024-03-31 16:00,Anand_Vihar,48.1,61.333405,58.178787,48.1,252.45000000000002,0,0
2024-03-31 17:00,Anand_Vihar,49.6,65.40529,62.41916,49.6,213.3,0,0
2024-03-31 18:00,Anand_Vihar,50.1,59.75007,71.74352,50.1,151.2,0,0
2024-03-31 19:00,Anand_Vihar,51.1,63.271034,71.85907,51.1,170.55,0,0
2024-03-31 20:00,Anand_Vihar,51.5,53.551632,65.32505,51.5,175.05,0,0
2024-03-31 21:00,Anand_Vihar,50.8,47.830273,55.204647,50.8,195.29999999999998,0,1
2024-03-31 22:00,Anand_Vihar,49.1,41.754143,50.037594,49.1,216.9,0,1
2024-03-31 23:00,Anand_Vihar,47.4,42.083565,49.14064,47.4,183.6,0,1
2024-04-01 00:00,Anand_Vihar,46.7,41.402912,45.728344,46.7,149.4,0,1
2024-04-01 01:00,Anand_Vihar,48.1,42.24404,47.636005,48.1,132.75,0,1
2024-04-01 02:00,Anand_Vihar,47.3,45.511654,52.609848,47.3,124.65,0,1
2024-04-01 03:00,Anand_Vihar,44.4,46.586594,54.30575,44.4,114.74999999999999,0,1
2024-04-01 04:00,Anand_Vihar,36.1,46.40299,50.263084,36.1,112.5,0,1
2024-04-01 05:00,Anand_Vihar,25.0,42.989952,44.135983,25.0,136.35,0,1
2024-04-01 06:00,Anand_Vihar,23.6,40.080143,41.43744,23.6,134.1,0,1
2024-04-01 07:00,Anand_Vihar,23.1,38.91907,44.32415,23.1,144.45,0,0
2024-04-01 08:00,Anand_Vihar,23.7,39.211586,44.021706,23.7,167.4,0,0
2024-04-01 09:00,Anand_Vihar,26.1,45.72362,47.275852,26.1,182.25,0,0
2024-04-01 10:00,Anand_Vihar,28.9,64.78254,59.260822,28.9,187.20000000000002,0,0
2024-04-01 11:00,Anand_Vihar,30.3,65.63959,58.03598,30.3,213.75,0,0
2024-04-01 12:00,Anand_Vihar,36.4,69.78141,58.594414,36.4,227.25,0,0
2024-04-01 13:00,Anand_Vihar,42.8,72.2103,61.369762,42.8,239.4,0,0
2024-04-01 14:00,Anand_Vihar,46.3,69.79139,61.127857,46.3,245.7,0,0
2024-04-01 15:00,Anand_Vihar,46.8,65.62565,61.97397,46.8,259.65,0,0
2024-04-01 16:00,Anand_Vihar,45.8,62.174583,58.60487,45.8,250.2,0,0
2024-04-01 17:00,Anand_Vihar,43.8,61.717968,61.922928,43.8,231.75000000000003,0,0
2024-03-19 02:00,Mandir_Marg,63.1,56.172638,54.667343,63.1,80.55,0,1
2024-03-19 03:00,Mandir_Marg,59.6,60.996426,61.002777,59.6,68.85,0,1
2024-03-19 04:00,Mandir_Marg,54.9,58.31728,59.69829,54.9,103.95,0,1
2024-03-19 05:00,Mandir_Marg,44.9,58.11598,57.87914,44.9,82.8,0,1
2024-03-19 06:00,Mandir_Marg,39.7,48.205864,45.436733,39.7,85.95,0,1
2024-03-19 07:00,Mandir_Marg,37.0,43.535835,42.488186,37.0,44.1,1,0
2024-03-19 08:00,Mandir_Marg,32.2,43.828842,40.664055,32.2,36.9,1,0
2024-03-19 09:00,Mandir_Marg,28.6,43.707535,38.592056,28.6,40.95,1,0
2024-03-19 10:00,Mandir_Marg,27.3,46.517643,41.581608,27.3,55.8,1,0
2024-03-19 11:00,Mandir_Marg,38.5,73.819336,63.613617,38.5,58.5,1,0
2024-03-19 12:00,Mandir_Marg,44.2,82.92276,75.494,44.2,78.75,0,0
2024-03-19 13:00,Mandir_Marg,49.8,72.668015,69.90385,49.8,124.19999999999999,0,0
2024-03-19 14:00,Mandir_Marg,55.6,73.14032,65.36466,55.6,207.45000000000002,0,0
2024-03-19 15:00,Mandir_Marg,62.2,69.57978,59.271458,62.2,188.55,0,0
2024-03-19 16:00,Mandir_Marg,69.8,66.75716,58.93079,69.8,166.5,0,0
2024-03-19 17:00,Mandir_Marg,76.8,63.29892,66.3454,76.8,175.95000000000002,0,0
2024-03-19 18:00,Mandir_Marg,79.9,59.494286,61.505898,79.9,131.4,0,0
2024-03-19 19:00,Mandir_Marg,79.9,45.85107,49.39684,79.9,160.65,0,0
2024-03-19 20:00,Mandir_Marg,76.8,49.357994,49.539562,76.8,135.45,0,0
2024-03-19 21:00,Mandir_Marg,71.2,57.91537,54.257694,71.2,108.0,0,1
2024-03-19 22:00,Mandir_Marg,65.7,53.46487,51.119995,65.7,103.95,0,1
2024-03-19 23:00,Mandir_Marg,56.0,48.44488,49.18155,56.0,73.35,0,1
2024-03-20 00:00,Mandir_Marg,58.4,51.68735,47.03653,58.4,48.6,1,1
2024-03-20 01:00,Mandir_Marg,68.9,58.390205,51.2418,68.9,61.2,1,1
2024-03-20 02:00,Mandir_Marg,68.7,67.0749,67.16722,68.7,79.65,0,1
2024-03-20 03:00,Mandir_Marg,63.8,65.50152,59.267956,63.8,71.10000000000001,0,1
2024-03-20 04:00,Mandir_Marg,53.3,67.54565,63.498116,53.3,82.8,0,1
2024-03-20 05:00,Mandir_Marg,44.5,65.82659,58.5637,44.5,119.7,0,1
2024-03-20 06:00,Mandir_Marg,40.0,66.302246,56.42794,40.0,88.65,0,1
2024-03-20 07:00,Mandir_Marg,37.8,59.024273,54.03552,37.8,72.9,0,0
2024-03-20 08:00,Mandir_Marg,37.1,52.936195,46.73259,37.1,51.3,1,0
2024-03-20 09:00,Mandir_Marg,37.0,52.15647,46.034195,37.0,73.8,0,0
2024-03-20 10:00,Mandir_Marg,37.4,71.88474,59.866425,37.4,104.85000000000001,0,0
2024-03-20 11:00,Mandir_Marg,37.7,71.85369,57.179386,37.7,138.6,0,0
2024-03-20 12:00,Mandir_Marg,49.8,69.69717,59.366917,49.8,131.85,0,0
2024-03-20 13:00,Mandir_Marg,63.6,71.0526,66.344505,63.6,101.69999999999999,0,0
2024-03-20 14:00,Mandir_Marg,72.6,75.00084,68.65326,72.6,87.3,0,0
2024-03-20 15:00,Mandir_Marg,74.3,81.510895,81.245285,74.3,90.9,0,0
2024-03-20 16:00,Mandir_Marg,73.6,68.29295,68.105034,73.6,137.25,0,0
2024-03-20 17:00,Mandir_Marg,70.5,62.44408,64.554016,70.5,146.25,0,0
2024-03-20 18:00,Mandir_Marg,63.8,71.353165,73.425186,63.8,132.75,0,0
2024-03-20 19:00,Mandir_Marg,55.1,56.74479,54.53658,55.1,149.4,0,0
2024-03-20 20:00,Mandir_Marg,49.4,51.051533,47.305225,49.4,143.1,0,0
2024-03-20 21:00,Mandir_Marg,47.6,52.37136,44.542927,47.6,130.5,0,1
2024-03-20 22:00,Mandir_Marg,47.0,56.835533,47.199673,47.0,116.55,0,1
2024-03-20 23:00,Mandir_Marg,52.4,57.466892,47.294476,52.4,117.44999999999999,0,1
2024-03-21 00:00,Mandir_Marg,60.1,52.429417,48.853043,60.1,106.19999999999999,0,1
2024-03-21 01:00,Mandir_Marg,67.3,50.24523,48.47349,67.3,121.05,0,1
2024-03-21 02:00,Mandir_Marg,72.9,57.1889,56.7246,72.9,166.05,0,1
2024-03-21 03:00,Mandir_Marg,76.4,57.837032,57.386353,76.4,191.7,0,1
2024-03-21 04:00,Mandir_Marg,77.8,57.397827,54.660473,77.8,218.24999999999997,0,1
2024-03-21 05:00,Mandir_Marg,77.8,55.086506,54.495296,77.8,180.0,0,1
2024-03-21 06:00,Mandir_Marg,76.6,44.562016,45.465153,76.6,173.25,0,1
2024-03-21 07:00,Mandir_Marg,72.6,44.479034,41.798527,72.6,156.6,0,0
2024-03-21 08:00,Mandir_Marg,68.7,43.10217,40.67026,68.7,235.8,0,0
2024-03-21 09:00,Mandir_Marg,64.5,43.01748,38.602524,64.5,225.89999999999998,0,0
2024-03-21 10:00,Mandir_Marg,61.5,46.361576,41.019745,61.5,216.0,0,0
2024-03-21 11:00,Mandir_Marg,60.5,58.368366,57.9935,60.5,206.1,0,0
2024-03-21 12:00,Mandir_Marg,68.9,80.32188,72.8225,68.9,193.5,0,0
2024-03-21 13:00,Mandir_Marg,73.8,80.55413,71.33477,73.8,181.35000000000002,0,0
2024-03-21 14:00,Mandir_Marg,71.5,69.88041,72.20903,71.5,135.0,0,0
2024-03-21 15:00,Mandir_Marg,66.4,80.40553,80.64755,66.4,108.45,0,0
2024-03-21 16:00,Mandir_Marg,62.6,82.05597,82.01705,62.6,95.85,0,0
2024-03-21 17:00,Mandir_Marg,59.6,82.35392,82.20799,59.6,92.7,0,0
2024-03-21 18:00,Mandir_Marg,57.2,70.3198,67.368996,57.2,153.9,0,0
2024-03-21 19:00,Mandir_Marg,56.0,64.647316,63.772827,56.0,140.85,0,0
2024-03-21 20:00,Mandir_Marg,54.8,59.446842,57.3719,54.8,148.5,0,0
2024-03-21 21:00,Mandir_Marg,53.1,56.404552,54.962112,53.1,130.5,0,1
2024-03-21 22:00,Mandir_Marg,51.1,51.45749,53.292747,51.1,138.6,0,1
2024-03-21 23:00,Mandir_Marg,49.5,47.211926,48.81516,49.5,148.5,0,1
2024-03-22 00:00,Mandir_Marg,49.7,48.183,49.930553,49.7,165.6,0,1
2024-03-22 01:00,Mandir_Marg,52.5,55.515675,53.250923,52.5,153.0,0,1
2024-03-22 02:00,Mandir_Marg,54.7,60.972782,61.52926,54.7,139.5,0,1
2024-03-22 03:00,Mandir_Marg,55.9,54.862114,56.10664,55.9,151.2,0,1
2024-03-22 04:00,Mandir_Marg,57.2,51.914738,49.853245,57.2,151.2,0,1
2024-03-22 05:00,Mandir_Marg,56.2,50.87324,47.821766,56.2,157.5,0,1
2024-03-22 06:00,Mandir_Marg,54.1,47.713352,45.03717,54.1,109.8,0,1
2024-03-22 07:00,Mandir_Marg,51.0,48.250797,49.169533,51.0,90.44999999999999,0,0
2024-03-22 08:00,Mandir_Marg,49.0,45.676994,45.056786,49.0,139.5,0,0
2024-03-22 09:00,Mandir_Marg,48.5,48.71381,47.727352,48.5,162.45,0,0
2024-03-22 10:00,Mandir_Marg,49.4,78.43929,65.30087,49.4,152.1,0,0
2024-03-22 11:00,Mandir_Marg,63.6,79.50746,68.60107,63.6,146.7,0,0
2024-03-22 12:00,Mandir_Marg,86.1,89.51342,81.22141,86.1,118.80000000000001,0,0
2024-03-22 13:00,Mandir_Marg,101.3,93.378586,89.800316,101.3,82.8,0,0
2024-03-22 14:00,Mandir_Marg,107.3,94.56694,91.738335,107.3,58.5,1,0
2024-03-22 15:00,Mandir_Marg,104.3,97.32044,93.11255,104.3,36.9,1,0
2024-03-22 16:00,Mandir_Marg,98.0,96.84467,96.52388,98.0,45.0,1,0
2024-03-22 17:00,Mandir_Marg,90.8,78.94486,78.4609,90.8,133.65,0,0
2024-03-22 18:00,Mandir_Marg,83.4,76.47863,74.70348,83.4,159.75,0,0
2024-03-22 19:00,Mandir_Marg,76.4,76.78375,80.07179,76.4,79.65,0,0
2024-03-22 20:00,Mandir_Marg,68.5,74.418846,65.06375,68.5,41.4,1,0
2024-03-22 21:00,Mandir_Marg,60.8,71.143715,75.8637,60.8,16.2,1,1
2024-03-22 22:00,Mandir_Marg,54.9,58.62403,64.55441,54.9,77.85,0,1
2024-03-22 23:00,Mandir_Marg,47.6,52.89334,51.970665,47.6,113.85,0,1
2024-03-23 00:00,Mandir_Marg,47.8,64.09704,58.720604,47.8,81.0,0,1
2024-03-23 01:00,Mandir_Marg,51.5,65.498604,61.497902,51.5,95.4,0,1
2024-03-23 02:00,Mandir_Marg,53.0,67.229546,68.55855,53.0,122.4,0,1
2024-03-23 03:00,Mandir_Marg,52.7,68.0039,69.36264,52.7,121.95,0,1
2024-03-23 04:00,Mandir_Marg,50.2,67.044495,64.362045,50.2,119.7,0,1
2024-03-23 05:00,Mandir_Marg,40.4,60.12542,58.766235,40.4,118.80000000000001,0,1
2024-03-23 06:00,Mandir_Marg,34.1,54.847538,54.023075,34.1,97.2,0,1
2024-03-23 07:00,Mandir_Marg,29.5,48.146114,51.335094,29.5,77.4,0,0
2024-03-23 08:00,Mandir_Marg,27.5,45.373127,49.22083,27.5,84.15,0,0
2024-03-23 09:00,Mandir_Marg,27.8,57.95365,61.108517,27.8,108.0,0,0
2024-03-23 10:00,Mandir_Marg,29.7,68.73398,58.95129,29.7,149.4,0,0
2024-03-23 11:00,Mandir_Marg,38.5,64.8035,58.034718,38.5,181.35000000000002,0,0
2024-03-23 12:00,Mandir_Marg,47.3,67.698875,62.05147,47.3,207.45000000000002,0,0
2024-03-23 13:00,Mandir_Marg,56.5,67.96061,65.3557,56.5,232.20000000000002,0,0
2024-03-23 14:00,Mandir_Marg,63.1,68.13005,56.860764,63.1,243.45000000000002,0,0
2024-03-23 15:00,Mandir_Marg,66.1,64.71206,57.238937,66.1,256.95,0,0
2024-03-23 16:00,Mandir_Marg,67.1,66.87177,61.140392,67.1,261.0,0,0
2024-03-23 17:00,Mandir_Marg,65.4,64.3344,64.011765,65.4,209.25000000000003,0,0
2024-03-23 18:00,Mandir_Marg,61.9,67.360115,69.34679,61.9,127.35000000000001,0,0
2024-03-23 19:00,Mandir_Marg,58.2,65.06808,64.20223,58.2,133.65,0,0
2024-03-23 20:00,Mandir_Marg,53.9,54.712788,52.158314,53.9,137.25,0,0
2024-03-23 21:00,Mandir_Marg,49.2,43.509815,41.917915,49.2,136.8,0,1
2024-03-23 22:00,Mandir_Marg,45.2,46.21805,40.62985,45.2,144.0,0,1
2024-03-23 23:00,Mandir_Marg,68.9,50.306087,42.52019,68.9,158.4,0,1
2024-03-24 00:00,Mandir_Marg,68.5,48.32618,44.368774,68.5,176.4,0,1
2024-03-24 01:00,Mandir_Marg,72.6,46.555733,46.63427,72.6,184.49999999999997,0,1
2024-03-24 02:00,Mandir_Marg,71.9,50.662914,50.84664,71.9,185.4,0,1
2024-03-24 03:00,Mandir_Marg,70.8,61.365673,61.976826,70.8,42.3,1,1
2024-03-24 04:00,Mandir_Marg,54.0,52.867783,51.08345,54.0,122.85,0,1
2024-03-24 05:00,Mandir_Marg,44.1,48.713627,55.78019,44.1,119.7,0,1
2024-03-24 06:00,Mandir_Marg,42.8,49.035194,51.03348,42.8,95.4,0,1
2024-03-24 07:00,Mandir_Marg,42.8,47.561916,46.81771,42.8,94.5,0,0
2024-03-24 08:00,Mandir_Marg,45.4,43.931786,41.181812,45.4,99.00000000000001,0,0
2024-03-24 09:00,Mandir_Marg,48.8,55.086422,50.085987,48.8,139.95,0,0
2024-03-24 10:00,Mandir_Marg,46.7,67.5945,54.598488,46.7,203.85000000000002,0,0
2024-03-24 11:00,Mandir_Marg,34.9,72.090294,59.336468,34.9,293.85,0,0
2024-03-24 12:00,Mandir_Marg,36.2,72.67441,61.290833,36.2,276.3,0,0
2024-03-24 13:00,Mandir_Marg,37.8,71.90856,68.90613,37.8,333.0,0,0
2024-03-24 14:00,Mandir_Marg,43.9,73.53565,68.53973,43.9,407.70000000000005,0,0
2024-03-24 15:00,Mandir_Marg,53.6,69.59654,67.46335,53.6,473.4,0,0
2024-03-24 16:00,Mandir_Marg,62.4,72.23046,72.13759,62.4,263.7,0,0
2024-03-24 17:00,Mandir_Marg,63.1,59.903477,59.37227,63.1,159.75,0,0
2024-03-24 18:00,Mandir_Marg,57.3,62.133022,62.469227,57.3,129.6,0,0
2024-03-24 19:00,Mandir_Marg,54.1,57.168026,55.66296,54.1,112.94999999999999,0,0
2024-03-24 20:00,Mandir_Marg,48.5,60.764008,61.652122,48.5,38.25,1,0
2024-03-24 21:00,Mandir_Marg,43.1,66.584145,67.79057,43.1,22.95,1,1
2024-03-24 22:00,Mandir_Marg,39.5,57.56546,61.02087,39.5,86.85,0,1
2024-03-24 23:00,Mandir_Marg,40.7,51.638996,51.88167,40.7,105.75,0,1
2024-03-25 00:00,Mandir_Marg,40.0,45.069588,50.78034,40.0,103.95,0,1
2024-03-25 01:00,Mandir_Marg,43.4,48.27469,50.7372,43.4,108.45,0,1
2024-03-25 02:00,Mandir_Marg,47.7,48.613987,46.84684,47.7,104.85000000000001,0,1
2024-03-25 03:00,Mandir_Marg,49.6,49.647354,48.696766,49.6,86.85,0,1
2024-03-25 04:00,Mandir_Marg,50.8,48.635147,49.230434,50.8,81.0,0,1
2024-03-25 05:00,Mandir_Marg,41.9,41.660255,44.267056,41.9,85.95,0,1
2024-03-25 06:00,Mandir_Marg,40.0,40.920895,39.331043,40.0,99.00000000000001,0,1
2024-03-25 07:00,Mandir_Marg,36.4,34.2914,34.896046,36.4,87.3,0,0
2024-03-25 08:00,Mandir_Marg,36.1,37.45254,41.997757,36.1,82.8,0,0
2024-03-25 09:00,Mandir_Marg,34.9,51.406982,55.424656,34.9,97.2,0,0
2024-03-25 10:00,Mandir_Marg,34.1,61.98861,55.44434,34.1,156.6,0,0
2024-03-25 11:00,Mandir_Marg,34.2,66.39082,59.26624,34.2,181.35000000000002,0,0
2024-03-25 12:00,Mandir_Marg,38.9,71.10287,67.52101,38.9,187.65,0,0
2024-03-25 13:00,Mandir_Marg,42.0,72.28703,74.05911,42.0,212.39999999999998,0,0
2024-03-25 14:00,Mandir_Marg,43.1,74.99939,75.72716,43.1,247.5,0,0
2024-03-25 15:00,Mandir_Marg,43.1,71.7414,75.614456,43.1,274.95,0,0
2024-03-25 16:00,Mandir_Marg,42.7,70.357956,73.05041,42.7,276.75,0,0
2024-03-25 17:00,Mandir_Marg,42.3,64.9934,71.728096,42.3,264.15,0,0
2024-03-25 18:00,Mandir_Marg,41.3,69.626366,72.415955,41.3,172.35,0,0
2024-03-25 19:00,Mandir_Marg,40.9,62.545067,69.659035,40.9,198.00000000000003,0,0
2024-03-25 20:00,Mandir_Marg,40.4,55.454056,62.7563,40.4,166.05,0,0
2024-03-25 21:00,Mandir_Marg,40.0,44.718834,54.810738,40.0,162.45,0,1
2024-03-25 22:00,Mandir_Marg,39.5,41.187256,49.739796,39.5,152.55,0,1
2024-03-25 23:00,Mandir_Marg,42.7,38.267944,42.08846,42.7,144.0,0,1
2024-03-26 00:00,Mandir_Marg,43.3,39.95186,41.993965,43.3,135.0,0,1
2024-03-26 01:00,Mandir_Marg,47.3,41.59903,43.978985,47.3,139.95,0,1
2024-03-26 02:00,Mandir_Marg,50.2,44.514015,50.11948,50.2,135.0,0,1
2024-03-26 03:00,Mandir_Marg,50.4,41.595062,44.671844,50.4,132.3,0,1
2024-03-26 04:00,Mandir_Marg,49.4,41.38792,43.524715,49.4,135.45,0,1
2024-03-26 05:00,Mandir_Marg,46.6,38.745655,42.342346,46.6,130.95000000000002,0,1
2024-03-26 06:00,Mandir_Marg,36.4,39.2871,43.13234,36.4,121.50000000000001,0,1
2024-03-26 07:00,Mandir_Marg,31.5,43.652527,47.510624,31.5,103.49999999999999,0,0
2024-03-26 08:00,Mandir_Marg,29.7,39.44917,44.099663,29.7,84.15,0,0
2024-03-26 09:00,Mandir_Marg,29.9,47.12563,51.393234,29.9,89.55,0,0
2024-03-26 10:00,Mandir_Marg,30.7,66.53873,65.56815,30.7,109.8,0,0
2024-03-26 11:00,Mandir_Marg,39.1,71.16074,71.233795,39.1,122.4,0,0
2024-03-26 12:00,Mandir_Marg,45.2,73.40597,77.39413,45.2,128.7,0,0
2024-03-26 13:00,Mandir_Marg,51.1,72.50699,76.63994,51.1,154.8,0,0
2024-03-26 14:00,Mandir_Marg,53.8,73.45477,73.621605,53.8,177.3,0,0
2024-03-26 15:00,Mandir_Marg,55.5,73.91941,76.456154,55.5,172.35,0,0
2024-03-26 16:00,Mandir_Marg,57.6,73.208145,75.829994,57.6,177.75,0,0
2024-03-26 17:00,Mandir_Marg,55.5,70.03976,76.48161,55.5,162.0,0,0
2024-03-26 18:00,Mandir_Marg,51.3,81.72716,82.83367,51.3,117.44999999999999,0,0
2024-03-26 19:00,Mandir_Marg,48.8,65.478676,70.53643,48.8,135.45,0,0
2024-03-26 20:00,Mandir_Marg,48.2,61.2191,64.147995,48.2,130.95000000000002,0,0
2024-03-26 21:00,Mandir_Marg,49.0,56.293804,57.82095,49.0,114.74999999999999,0,1
2024-03-26 22:00,Mandir_Marg,50.6,48.143414,51.156876,50.6,125.1,0,1
2024-03-26 23:00,Mandir_Marg,60.1,46.94245,49.517147,60.1,130.5,0,1
2024-03-27 00:00,Mandir_Marg,65.0,45.544907,50.022038,65.0,175.5,0,1
2024-03-27 01:00,Mandir_Marg,76.6,49.593357,53.454506,76.6,64.35,1,1
2024-03-27 02:00,Mandir_Marg,76.1,53.020714,54.487865,76.1,70.65,0,1
2024-03-27 03:00,Mandir_Marg,67.1,53.986584,55.712566,67.1,82.8,0,1
2024-03-27 04:00,Mandir_Marg,56.9,54.364555,56.006958,56.9,42.75,1,1
2024-03-27 05:00,Mandir_Marg,49.7,52.20643,56.106667,49.7,60.75000000000001,1,1
2024-03-27 06:00,Mandir_Marg,41.0,42.38446,46.68823,41.0,157.05,0,1
2024-03-27 07:00,Mandir_Marg,35.7,45.56184,42.323452,35.7,70.65,0,0
2024-03-27 08:00,Mandir_Marg,35.3,45.311016,40.08111,35.3,49.50000000000001,1,0
2024-03-27 09:00,Mandir_Marg,35.2,66.86613,59.56533,35.2,16.2,1,0
2024-03-27 10:00,Mandir_Marg,35.0,69.13957,58.46731,35.0,40.95,1,0
2024-03-27 11:00,Mandir_Marg,41.0,76.43125,68.554665,41.0,18.45,1,0
2024-03-27 12:00,Mandir_Marg,50.6,79.225945,66.73936,50.6,50.400000000000006,1,0
2024-03-27 13:00,Mandir_Marg,60.3,76.07339,74.591446,60.3,105.3,0,0
2024-03-27 14:00,Mandir_Marg,67.8,77.91791,81.41449,67.8,122.85,0,0
2024-03-27 15:00,Mandir_Marg,69.2,69.67644,77.364456,69.2,151.2,0,0
2024-03-27 16:00,Mandir_Marg,63.8,74.54101,80.63972,63.8,178.65,0,0
2024-03-27 17:00,Mandir_Marg,58.0,70.40247,75.88609,58.0,157.05,0,0
2024-03-27 18:00,Mandir_Marg,52.7,67.43327,71.43372,52.7,153.0,0,0
2024-03-27 19:00,Mandir_Marg,48.5,67.56209,69.502785,48.5,172.35,0,0
2024-03-27 20:00,Mandir_Marg,45.4,63.639763,61.991913,45.4,213.75,0,0
2024-03-27 21:00,Mandir_Marg,43.7,65.90003,65.75822,43.7,166.05,0,1
2024-03-27 22:00,Mandir_Marg,43.2,72.22531,70.1647,43.2,125.99999999999999,0,1
2024-03-27 23:00,Mandir_Marg,42.0,56.72446,56.948368,42.0,95.4,0,1
2024-03-28 00:00,Mandir_Marg,43.1,71.92458,76.667305,43.1,28.8,1,1
2024-03-28 01:00,Mandir_Marg,45.5,52.659744,54.464207,45.5,121.05,0,1
2024-03-28 02:00,Mandir_Marg,47.1,59.48098,58.582626,47.1,85.95,0,1
2024-03-28 03:00,Mandir_Marg,45.9,55.315174,57.375893,45.9,86.85,0,1
2024-03-28 04:00,Mandir_Marg,47.4,49.036175,52.883625,47.4,97.2,0,1
2024-03-28 05:00,Mandir_Marg,48.4,44.758602,50.821045,48.4,102.6,0,1
2024-03-28 06:00,Mandir_Marg,48.2,42.89418,46.12756,48.2,117.44999999999999,0,1
2024-03-28 07:00,Mandir_Marg,44.0,39.501984,46.520798,44.0,99.45,0,0
2024-03-28 08:00,Mandir_Marg,38.2,43.9594,46.340233,38.2,92.7,0,0
2024-03-28 09:00,Mandir_Marg,34.8,62.12361,63.543964,34.8,76.5,0,0
2024-03-28 10:00,Mandir_Marg,33.3,61.86343,63.371693,33.3,62.55,1,0
2024-03-28 11:00,Mandir_Marg,56.7,69.443,65.09021,56.7,46.35,1,0
2024-03-28 12:00,Mandir_Marg,78.2,77.21276,77.03468,78.2,58.5,1,0
2024-03-28 13:00,Mandir_Marg,78.9,84.68593,87.23213,78.9,81.0,0,0
2024-03-28 14:00,Mandir_Marg,70.5,91.17603,88.65724,70.5,119.7,0,0
2024-03-28 15:00,Mandir_Marg,59.5,77.645706,79.089355,59.5,147.6,0,0
2024-03-28 16:00,Mandir_Marg,49.4,76.5181,77.558395,49.4,179.1,0,0
2024-03-28 17:00,Mandir_Marg,43.4,74.822876,77.21254,43.4,159.3,0,0
2024-03-28 18:00,Mandir_Marg,41.0,80.968094,75.41085,41.0,159.75,0,0
2024-03-28 19:00,Mandir_Marg,41.6,77.415504,74.40107,41.6,178.2,0,0
2024-03-28 20:00,Mandir_Marg,43.0,73.00885,66.70305,43.0,194.85,0,0
2024-03-28 21:00,Mandir_Marg,45.4,70.614975,65.68986,45.4,180.0,0,1
2024-03-28 22:00,Mandir_Marg,50.2,70.467415,69.67951,50.2,117.0,0,1
2024-03-28 23:00,Mandir_Marg,60.8,59.438477,67.06117,60.8,94.5,0,1
2024-03-29 00:00,Mandir_Marg,64.0,58.960636,56.311386,64.0,58.5,1,1
2024-03-29 01:00,Mandir_Marg,70.3,61.6627,58.84097,70.3,54.9,1,1
2024-03-29 02:00,Mandir_Marg,74.0,60.02658,59.866653,74.0,63.449999999999996,1,1
2024-03-29 03:00,Mandir_Marg,70.5,50.712128,54.674965,70.5,58.5,1,1
2024-03-29 04:00,Mandir_Marg,65.7,47.24013,53.37597,65.7,74.25,0,1
2024-03-29 05:00,Mandir_Marg,58.7,43.06271,52.852688,58.7,54.9,1,1
2024-03-29 06:00,Mandir_Marg,58.7,45.46429,49.20982,58.7,45.0,1,1
2024-03-29 07:00,Mandir_Marg,57.7,46.26701,42.737038,57.7,42.75,1,0
2024-03-29 08:00,Mandir_Marg,54.1,46.318935,40.516285,54.1,64.35,1,0
2024-03-29 09:00,Mandir_Marg,50.2,68.911224,61.039295,50.2,106.19999999999999,0,0
2024-03-29 10:00,Mandir_Marg,46.9,71.02042,60.866814,46.9,118.80000000000001,0,0
2024-03-29 11:00,Mandir_Marg,47.6,77.8692,69.89798,47.6,110.25000000000001,0,0
2024-03-29 12:00,Mandir_Marg,57.4,84.07302,76.31639,57.4,97.2,0,0
2024-03-29 13:00,Mandir_Marg,62.4,78.30933,76.46033,62.4,107.1,0,0
2024-03-29 14:00,Mandir_Marg,64.5,76.95273,74.70188,64.5,115.2,0,0
2024-03-29 15:00,Mandir_Marg,63.3,74.673355,72.57083,63.3,180.0,0,0
2024-03-29 16:00,Mandir_Marg,61.9,90.62797,84.31458,61.9,93.60000000000001,0,0
2024-03-29 17:00,Mandir_Marg,61.5,77.936745,75.236206,61.5,168.75,0,0
2024-03-29 18:00,Mandir_Marg,60.5,92.44025,85.15045,60.5,121.95,0,0
2024-03-29 19:00,Mandir_Marg,60.1,81.46703,76.05912,60.1,30.150000000000002,1,0
2024-03-29 20:00,Mandir_Marg,57.6,76.207596,72.191216,57.6,49.50000000000001,1,0
2024-03-29 21:00,Mandir_Marg,48.9,72.65474,68.564674,48.9,187.65,0,1
2024-03-29 22:00,Mandir_Marg,35.5,75.57291,71.95434,35.5,148.95,0,1
2024-03-29 23:00,Mandir_Marg,61.0,65.191986,64.66723,61.0,167.4,0,1
2024-03-30 00:00,Mandir_Marg,55.6,61.77835,59.249504,55.6,145.8,0,1
2024-03-30 01:00,Mandir_Marg,54.5,62.695362,56.08648,54.5,156.15,0,1
2024-03-30 02:00,Mandir_Marg,54.8,62.150063,59.38265,54.8,154.8,0,1
2024-03-30 03:00,Mandir_Marg,55.3,59.213707,54.92636,55.3,136.8,0,1
2024-03-30 04:00,Mandir_Marg,55.9,55.70725,51.053604,55.9,130.5,0,1
2024-03-30 05:00,Mandir_Marg,57.7,50.88882,57.820827,57.7,136.8,0,1
2024-03-30 06:00,Mandir_Marg,57.5,50.511417,49.602894,57.5,254.70000000000002,0,1
2024-03-30 07:00,Mandir_Marg,52.7,49.369785,47.90035,52.7,198.00000000000003,0,0
2024-03-30 08:00,Mandir_Marg,40.9,56.184067,52.591892,40.9,158.4,0,0
2024-03-30 09:00,Mandir_Marg,34.2,79.2776,66.08317,34.2,220.50000000000003,0,0
2024-03-30 10:00,Mandir_Marg,30.7,74.919174,62.564648,30.7,214.2,0,0
2024-03-30 11:00,Mandir_Marg,37.5,84.12328,80.63044,37.5,121.05,0,0
2024-03-30 12:00,Mandir_Marg,40.7,89.56244,83.642784,40.7,50.849999999999994,1,0
2024-03-30 13:00,Mandir_Marg,39.9,94.07545,91.66344,39.9,36.9,1,0
2024-03-30 14:00,Mandir_Marg,39.5,97.11012,94.14484,39.5,103.95,0,0
2024-03-30 15:00,Mandir_Marg,40.3,79.892296,76.220276,40.3,193.5,0,0
2024-03-30 16:00,Mandir_Marg,42.0,80.60759,78.21123,42.0,149.4,0,0
2024-03-30 17:00,Mandir_Marg,43.9,85.542656,84.985085,43.9,122.4,0,0
2024-03-30 18:00,Mandir_Marg,44.4,69.86188,73.209404,44.4,188.55,0,0
2024-03-30 19:00,Mandir_Marg,45.5,68.099594,71.17201,45.5,171.9,0,0
2024-03-30 20:00,Mandir_Marg,47.4,60.037056,62.84368,47.4,155.25,0,0
2024-03-30 21:00,Mandir_Marg,50.6,58.589287,63.65798,50.6,136.8,0,1
2024-03-30 22:00,Mandir_Marg,53.0,44.51903,55.500793,53.0,132.3,0,1
2024-03-30 23:00,Mandir_Marg,46.0,45.006443,53.15451,46.0,108.89999999999999,0,1
2024-03-31 00:00,Mandir_Marg,51.0,42.675343,46.1777,51.0,132.75,0,1
2024-03-31 01:00,Mandir_Marg,66.4,45.0357,50.864716,66.4,61.2,1,1
2024-03-31 02:00,Mandir_Marg,60.8,55.595886,56.600048,60.8,30.150000000000002,1,1
2024-03-31 03:00,Mandir_Marg,45.5,48.683426,49.49816,45.5,62.99999999999999,1,1
2024-03-31 04:00,Mandir_Marg,33.5,50.269825,51.971283,33.5,54.449999999999996,1,1
2024-03-31 05:00,Mandir_Marg,29.9,44.351166,51.945004,29.9,96.75,0,1
2024-03-31 06:00,Mandir_Marg,28.6,42.241573,50.499756,28.6,109.8,0,1
2024-03-31 07:00,Mandir_Marg,26.5,44.778305,48.76811,26.5,82.8,0,0
2024-03-31 08:00,Mandir_Marg,22.2,49.41215,43.015118,22.2,119.7,0,0
2024-03-31 09:00,Mandir_Marg,21.5,73.29944,63.14186,21.5,129.15,0,0
2024-03-31 10:00,Mandir_Marg,22.3,74.15131,62.990902,22.3,113.4,0,0
2024-03-31 11:00,Mandir_Marg,27.4,72.37745,63.046104,27.4,117.9,0,0
2024-03-31 12:00,Mandir_Marg,33.4,73.44299,64.6299,33.4,147.6,0,0
2024-03-31 13:00,Mandir_Marg,39.5,72.65075,62.98007,39.5,187.20000000000002,0,0
2024-03-31 14:00,Mandir_Marg,43.4,71.38836,60.570038,43.4,203.85000000000002,0,0
2024-03-31 15:00,Mandir_Marg,46.1,66.00855,58.193157,46.1,246.60000000000002,0,0
2024-03-31 16:00,Mandir_Marg,48.1,60.837944,56.06828,48.1,265.95,0,0
2024-03-31 17:00,Mandir_Marg,49.6,62.355812,58.70291,49.6,219.6,0,0
2024-03-31 18:00,Mandir_Marg,50.1,57.992496,69.41337,50.1,148.5,0,0
2024-03-31 19:00,Mandir_Marg,51.1,61.714012,72.13838,51.1,155.25,0,0
2024-03-31 20:00,Mandir_Marg,51.5,52.56459,64.221146,51.5,169.2,0,0
2024-03-31 21:00,Mandir_Marg,50.8,47.076847,56.29526,50.8,196.65,0,1
2024-03-31 22:00,Mandir_Marg,49.1,41.365566,51.128304,49.1,207.45000000000002,0,1
2024-03-31 23:00,Mandir_Marg,47.4,42.589413,49.79227,47.4,172.35,0,1
2024-04-01 00:00,Mandir_Marg,46.7,42.482616,46.96277,46.7,148.05,0,1
2024-04-01 01:00,Mandir_Marg,48.1,42.276047,47.15064,48.1,140.85,0,1
2024-04-01 02:00,Mandir_Marg,47.3,42.598503,50.24823,47.3,135.0,0,1
2024-04-01 03:00,Mandir_Marg,44.4,46.315037,54.253567,44.4,127.35000000000001,0,1
2024-04-01 04:00,Mandir_Marg,36.1,46.42054,49.139248,36.1,127.8,0,1
2024-04-01 05:00,Mandir_Marg,25.0,43.59735,44.520973,25.0,139.5,0,1
2024-04-01 06:00,Mandir_Marg,23.6,41.655796,42.635036,23.6,122.85,0,1
2024-04-01 07:00,Mandir_Marg,23.1,43.1928,47.888824,23.1,121.95,0,0
2024-04-01 08:00,Mandir_Marg,23.7,40.16703,44.04635,23.7,166.95,0,0
2024-04-01 09:00,Mandir_Marg,26.1,43.856667,45.411053,26.1,183.6,0,0
2024-04-01 10:00,Mandir_Marg,28.9,65.62434,59.725925,28.9,188.1,0,0
2024-04-01 11:00,Mandir_Marg,30.3,66.00975,57.813545,30.3,216.45,0,0
2024-04-01 12:00,Mandir_Marg,36.4,71.54315,58.622013,36.4,229.49999999999997,0,0
2024-04-01 13:00,Mandir_Marg,42.8,70.28648,59.373714,42.8,245.7,0,0
2024-04-01 14:00,Mandir_Marg,46.3,70.64584,60.79496,46.3,259.65,0,0
2024-04-01 15:00,Mandir_Marg,46.8,66.2562,61.866425,46.8,265.95,0,0
2024-04-01 16:00,Mandir_Marg,45.8,62.250767,61.103477,45.8,257.4,0,0
2024-04-01 17:00,Mandir_Marg,43.8,61.021416,58.889404,43.8,249.75,0,0
2024-03-19 02:00,Punjabi_Bagh,63.1,55.847782,54.701008,63.1,71.6,0,1
2024-03-19 03:00,Punjabi_Bagh,59.6,60.671562,60.99837,59.6,61.2,0,1
2024-03-19 04:00,Punjabi_Bagh,54.9,57.992424,59.195454,54.9,92.4,0,1
2024-03-19 05:00,Punjabi_Bagh,44.9,57.79112,56.926277,44.9,73.60000000000001,0,1
2024-03-19 06:00,Punjabi_Bagh,39.7,47.627983,44.960186,39.7,76.39999999999999,0,1
2024-03-19 07:00,Punjabi_Bagh,37.0,43.17547,41.783867,37.0,39.2,1,0
2024-03-19 08:00,Punjabi_Bagh,32.2,42.784332,41.10274,32.2,32.8,1,0
2024-03-19 09:00,Punjabi_Bagh,28.6,43.004513,39.1425,28.6,36.4,1,0
2024-03-19 10:00,Punjabi_Bagh,27.3,46.253574,43.076305,27.3,49.6,1,0
2024-03-19 11:00,Punjabi_Bagh,38.5,73.85062,65.19051,38.5,52.0,1,0
2024-03-19 12:00,Punjabi_Bagh,44.2,82.46858,77.05004,44.2,70.0,0,0
2024-03-19 13:00,Punjabi_Bagh,49.8,72.37683,70.53671,49.8,110.39999999999999,0,0
2024-03-19 14:00,Punjabi_Bagh,55.6,73.511505,67.6262,55.6,184.4,0,0
2024-03-19 15:00,Punjabi_Bagh,62.2,69.72614,62.47945,62.2,167.60000000000002,0,0
2024-03-19 16:00,Punjabi_Bagh,69.8,66.97617,61.762657,69.8,148.0,0,0
2024-03-19 17:00,Punjabi_Bagh,76.8,63.38035,67.76811,76.8,156.4,0,0
2024-03-19 18:00,Punjabi_Bagh,79.9,60.252655,65.48222,79.9,116.8,0,0
2024-03-19 19:00,Punjabi_Bagh,79.9,46.22225,51.204655,79.9,142.79999999999998,0,0
2024-03-19 20:00,Punjabi_Bagh,76.8,49.357994,52.198624,76.8,120.39999999999999,0,0
2024-03-19 21:00,Punjabi_Bagh,71.2,57.70332,56.404026,71.2,96.0,0,1
2024-03-19 22:00,Punjabi_Bagh,65.7,53.25281,52.33912,65.7,92.4,0,1
2024-03-19 23:00,Punjabi_Bagh,56.0,48.12034,48.957962,56.0,65.19999999999999,0,1
2024-03-20 00:00,Punjabi_Bagh,58.4,51.362804,46.79186,58.4,43.2,1,1
2024-03-20 01:00,Punjabi_Bagh,68.9,58.065666,50.148117,68.9,54.400000000000006,1,1
2024-03-20 02:00,Punjabi_Bagh,68.7,66.986305,65.89227,68.7,70.8,0,1
2024-03-20 03:00,Punjabi_Bagh,63.8,64.844604,58.876083,63.8,63.2,0,1
2024-03-20 04:00,Punjabi_Bagh,53.3,66.88873,63.05847,53.3,73.60000000000001,0,1
2024-03-20 05:00,Punjabi_Bagh,44.5,65.24871,57.07564,44.5,106.4,0,1
2024-03-20 06:00,Punjabi_Bagh,40.0,65.07282,55.96641,40.0,78.8,0,1
2024-03-20 07:00,Punjabi_Bagh,37.8,58.41947,53.31494,37.8,64.80000000000001,0,0
2024-03-20 08:00,Punjabi_Bagh,37.1,52.37711,46.11668,37.1,45.599999999999994,1,0
2024-03-20 09:00,Punjabi_Bagh,37.0,51.892403,47.158936,37.0,65.6,0,0
2024-03-20 10:00,Punjabi_Bagh,37.4,71.75387,61.04553,37.4,93.2,0,0
2024-03-20 11:00,Punjabi_Bagh,37.7,71.54102,62.208614,37.7,123.2,0,0
2024-03-20 12:00,Punjabi_Bagh,49.8,69.24299,61.540806,49.8,117.2,0,0
2024-03-20 13:00,Punjabi_Bagh,63.6,71.300354,66.97789,63.6,90.39999999999999,0,0
2024-03-20 14:00,Punjabi_Bagh,72.6,75.56508,69.92871,72.6,77.6,0,0
2024-03-20 15:00,Punjabi_Bagh,74.3,82.210785,82.74195,74.3,80.8,0,0
2024-03-20 16:00,Punjabi_Bagh,73.6,69.05132,72.24679,73.6,122.0,0,0
2024-03-20 17:00,Punjabi_Bagh,70.5,63.20243,67.44916,70.5,130.0,0,0
2024-03-20 18:00,Punjabi_Bagh,63.8,72.111534,74.966644,63.8,118.0,0,0
2024-03-20 19:00,Punjabi_Bagh,55.1,56.826233,54.699814,55.1,132.79999999999998,0,0
2024-03-20 20:00,Punjabi_Bagh,49.4,51.422714,48.89604,49.4,127.2,0,0
2024-03-20 21:00,Punjabi_Bagh,47.6,52.15931,46.656452,47.6,116.0,0,1
2024-03-20 22:00,Punjabi_Bagh,47.0,56.623474,49.17669,47.0,103.6,0,1
2024-03-20 23:00,Punjabi_Bagh,52.4,57.238426,48.302242,52.4,104.39999999999999,0,1
2024-03-21 00:00,Punjabi_Bagh,60.1,51.69771,47.81133,60.1,94.39999999999999,0,1
2024-03-21 01:00,Punjabi_Bagh,67.3,49.741993,47.21397,67.3,107.6,0,1
2024-03-21 02:00,Punjabi_Bagh,72.9,57.14309,56.789417,72.9,147.6,0,1
2024-03-21 03:00,Punjabi_Bagh,76.4,57.79122,55.98538,76.4,170.39999999999998,0,1
2024-03-21 04:00,Punjabi_Bagh,77.8,57.397827,54.27288,77.8,194.0,0,1
2024-03-21 05:00,Punjabi_Bagh,77.8,54.153927,53.165386,77.8,160.0,0,1
2024-03-21 06:00,Punjabi_Bagh,76.6,44.507935,45.32319,76.6,154.0,0,1
2024-03-21 07:00,Punjabi_Bagh,72.6,43.85236,41.20312,72.6,139.2,0,0
2024-03-21 08:00,Punjabi_Bagh,68.7,42.52202,40.057198,68.7,209.60000000000002,0,0
2024-03-21 09:00,Punjabi_Bagh,64.5,42.31878,37.381805,64.5,200.79999999999998,0,0
2024-03-21 10:00,Punjabi_Bagh,61.5,45.662876,39.56829,61.5,192.0,0,0
2024-03-21 11:00,Punjabi_Bagh,60.5,57.84596,56.995735,60.5,183.2,0,0
2024-03-21 12:00,Punjabi_Bagh,68.9,79.8677,72.205025,68.9,172.0,0,0
2024-03-21 13:00,Punjabi_Bagh,73.8,81.41009,72.23669,73.8,161.20000000000002,0,0
2024-03-21 14:00,Punjabi_Bagh,71.5,69.96185,72.58271,71.5,120.0,0,0
2024-03-21 15:00,Punjabi_Bagh,66.4,80.40553,80.138214,66.4,96.4,0,0
2024-03-21 16:00,Punjabi_Bagh,62.6,82.05597,81.078865,62.6,85.19999999999999,0,0
2024-03-21 17:00,Punjabi_Bagh,59.6,82.35392,80.50391,59.6,82.4,0,0
2024-03-21 18:00,Punjabi_Bagh,57.2,70.36006,67.45812,57.2,136.8,0,0
2024-03-21 19:00,Punjabi_Bagh,56.0,64.78735,63.01204,56.0,125.19999999999999,0,0
2024-03-21 20:00,Punjabi_Bagh,54.8,59.818024,57.219696,54.8,132.0,0,0
2024-03-21 21:00,Punjabi_Bagh,53.1,56.404552,55.740185,53.1,116.0,0,1
2024-03-21 22:00,Punjabi_Bagh,51.1,51.245438,52.063213,51.1,123.2,0,1
2024-03-21 23:00,Punjabi_Bagh,49.5,47.358578,48.94936,49.5,132.0,0,1
2024-03-22 00:00,Punjabi_Bagh,49.7,48.37546,49.097004,49.7,147.20000000000002,0,1
2024-03-22 01:00,Punjabi_Bagh,52.5,55.515675,52.20338,52.5,136.0,0,1
2024-03-22 02:00,Punjabi_Bagh,54.7,60.64792,61.115887,54.7,124.0,0,1
2024-03-22 03:00,Punjabi_Bagh,55.9,54.53726,56.082596,55.9,134.4,0,1
2024-03-22 04:00,Punjabi_Bagh,57.2,51.58988,49.929195,57.2,134.4,0,1
2024-03-22 05:00,Punjabi_Bagh,56.2,50.548386,47.79773,56.2,140.0,0,1
2024-03-22 06:00,Punjabi_Bagh,54.1,47.388496,44.933258,54.1,97.6,0,1
2024-03-22 07:00,Punjabi_Bagh,51.0,47.78774,47.618935,51.0,80.39999999999999,0,0
2024-03-22 08:00,Punjabi_Bagh,49.0,45.676994,44.958992,49.0,124.0,0,0
2024-03-22 09:00,Punjabi_Bagh,48.5,48.668,47.137135,48.5,144.4,0,0
2024-03-22 10:00,Punjabi_Bagh,49.4,78.43929,66.98598,49.4,135.2,0,0
2024-03-22 11:00,Punjabi_Bagh,63.6,79.0444,69.41206,63.6,130.39999999999998,0,0
2024-03-22 12:00,Punjabi_Bagh,86.1,89.18856,82.12311,86.1,105.60000000000001,0,0
2024-03-22 13:00,Punjabi_Bagh,101.3,92.91393,89.01958,101.3,73.60000000000001,0,0
2024-03-22 14:00,Punjabi_Bagh,107.3,95.17616,93.0088,107.3,52.0,1,0
2024-03-22 15:00,Punjabi_Bagh,104.3,97.32044,93.49291,104.3,32.8,1,0
2024-03-22 16:00,Punjabi_Bagh,98.0,96.84467,97.30502,98.0,40.0,1,0
2024-03-22 17:00,Punjabi_Bagh,90.8,78.94486,79.21428,90.8,118.80000000000001,0,0
2024-03-22 18:00,Punjabi_Bagh,83.4,76.47863,75.85946,83.4,142.0,0,0
2024-03-22 19:00,Punjabi_Bagh,76.4,76.78375,78.406,76.4,70.8,0,0
2024-03-22 20:00,Punjabi_Bagh,68.5,75.02807,68.721306,68.5,36.800000000000004,1,0
2024-03-22 21:00,Punjabi_Bagh,60.8,71.143715,78.39505,60.8,14.399999999999999,1,1
2024-03-22 22:00,Punjabi_Bagh,54.9,58.62403,63.303345,54.9,69.2,0,1
2024-03-22 23:00,Punjabi_Bagh,47.6,52.89334,51.617126,47.6,101.19999999999999,0,1
2024-03-23 00:00,Punjabi_Bagh,47.8,64.09704,58.237427,47.8,72.0,0,1
2024-03-23 01:00,Punjabi_Bagh,51.5,65.498604,61.706295,51.5,84.80000000000001,0,1
2024-03-23 02:00,Punjabi_Bagh,53.0,67.229546,67.66406,53.0,108.80000000000001,0,1
2024-03-23 03:00,Punjabi_Bagh,52.7,68.0039,69.52411,52.7,108.4,0,1
2024-03-23 04:00,Punjabi_Bagh,50.2,67.044495,64.23414,50.2,106.4,0,1
2024-03-23 05:00,Punjabi_Bagh,40.4,60.12542,58.620945,40.4,105.60000000000001,0,1
2024-03-23 06:00,Punjabi_Bagh,34.1,54.847538,54.140667,34.1,86.4,0,1
2024-03-23 07:00,Punjabi_Bagh,29.5,48.146114,50.2397,29.5,68.8,0,0
2024-03-23 08:00,Punjabi_Bagh,27.5,45.15539,48.50514,27.5,74.80000000000001,0,0
2024-03-23 09:00,Punjabi_Bagh,27.8,57.62879,60.73639,27.8,96.0,0,0
2024-03-23 10:00,Punjabi_Bagh,29.7,68.40912,61.934055,29.7,132.79999999999998,0,0
2024-03-23 11:00,Punjabi_Bagh,38.5,64.856735,59.120205,38.5,161.20000000000002,0,0
2024-03-23 12:00,Punjabi_Bagh,47.3,66.97106,63.463665,47.3,184.4,0,0
2024-03-23 13:00,Punjabi_Bagh,56.5,67.72549,67.19763,56.5,206.4,0,0
2024-03-23 14:00,Punjabi_Bagh,63.1,68.73927,58.99153,63.1,216.4,0,0
2024-03-23 15:00,Punjabi_Bagh,66.1,65.32128,58.954746,66.1,228.4,0,0
2024-03-23 16:00,Punjabi_Bagh,67.1,67.480995,62.856197,67.1,232.0,0,0
2024-03-23 17:00,Punjabi_Bagh,65.4,64.3344,65.17305,65.4,186.0,0,0
2024-03-23 18:00,Punjabi_Bagh,61.9,67.360115,72.125534,61.9,113.2,0,0
2024-03-23 19:00,Punjabi_Bagh,58.2,64.27539,66.334,58.2,118.80000000000001,0,0
2024-03-23 20:00,Punjabi_Bagh,53.9,54.712788,52.722023,53.9,122.0,0,0
2024-03-23 21:00,Punjabi_Bagh,49.2,43.509815,42.809135,49.2,121.6,0,1
2024-03-23 22:00,Punjabi_Bagh,45.2,46.21805,42.4016,45.2,128.0,0,1
2024-03-23 23:00,Punjabi_Bagh,68.9,50.306087,43.531532,68.9,140.8,0,1
2024-03-24 00:00,Punjabi_Bagh,68.5,48.32618,46.351635,68.5,156.8,0,1
2024-03-24 01:00,Punjabi_Bagh,72.6,46.555733,47.82376,72.6,164.0,0,1
2024-03-24 02:00,Punjabi_Bagh,71.9,50.662914,51.08442,71.9,164.8,0,1
2024-03-24 03:00,Punjabi_Bagh,70.8,61.365673,63.56473,70.8,37.599999999999994,1,1
2024-03-24 04:00,Punjabi_Bagh,54.0,52.867783,51.34711,54.0,109.2,0,1
2024-03-24 05:00,Punjabi_Bagh,44.1,48.713627,56.144386,44.1,106.4,0,1
2024-03-24 06:00,Punjabi_Bagh,42.8,49.035194,51.38377,42.8,84.80000000000001,0,1
2024-03-24 07:00,Punjabi_Bagh,42.8,47.34418,45.123203,42.8,84.0,0,0
2024-03-24 08:00,Punjabi_Bagh,45.4,43.931786,38.74629,45.4,88.0,0,0
2024-03-24 09:00,Punjabi_Bagh,48.8,55.265118,49.63873,48.8,124.39999999999999,0,0
2024-03-24 10:00,Punjabi_Bagh,46.7,67.77319,55.264774,46.7,181.20000000000002,0,0
2024-03-24 11:00,Punjabi_Bagh,34.9,71.97082,59.419743,34.9,261.2,0,0
2024-03-24 12:00,Punjabi_Bagh,36.2,73.236885,62.00704,36.2,245.6,0,0
2024-03-24 13:00,Punjabi_Bagh,37.8,72.08728,69.37391,37.8,296.0,0,0
2024-03-24 14:00,Punjabi_Bagh,43.9,73.617096,70.4853,43.9,362.40000000000003,0,0
2024-03-24 15:00,Punjabi_Bagh,53.6,69.665375,68.30528,53.6,420.79999999999995,0,0
2024-03-24 16:00,Punjabi_Bagh,62.4,72.324745,73.959,62.4,234.4,0,0
2024-03-24 17:00,Punjabi_Bagh,63.1,59.903477,60.07263,63.1,142.0,0,0
2024-03-24 18:00,Punjabi_Bagh,57.3,62.98791,64.3078,57.3,115.19999999999999,0,0
2024-03-24 19:00,Punjabi_Bagh,54.1,57.442265,58.560417,54.1,100.39999999999999,0,0
2024-03-24 20:00,Punjabi_Bagh,48.5,61.44201,65.00467,48.5,34.0,1,0
2024-03-24 21:00,Punjabi_Bagh,43.1,66.67882,66.47322,43.1,20.4,1,1
2024-03-24 22:00,Punjabi_Bagh,39.5,58.28401,60.393555,39.5,77.2,0,1
2024-03-24 23:00,Punjabi_Bagh,40.7,51.81769,52.257683,40.7,94.0,0,1
2024-03-25 00:00,Punjabi_Bagh,40.0,45.798805,51.54197,40.0,92.4,0,1
2024-03-25 01:00,Punjabi_Bagh,43.4,48.27469,51.878838,43.4,96.4,0,1
2024-03-25 02:00,Punjabi_Bagh,47.7,48.613987,45.777245,47.7,93.2,0,1
2024-03-25 03:00,Punjabi_Bagh,49.6,49.184296,47.935425,49.6,77.2,0,1
2024-03-25 04:00,Punjabi_Bagh,50.8,48.17209,48.077927,50.8,72.0,0,1
2024-03-25 05:00,Punjabi_Bagh,41.9,41.197197,42.15849,41.9,76.39999999999999,0,1
2024-03-25 06:00,Punjabi_Bagh,40.0,40.104847,37.976063,40.0,88.0,0,1
2024-03-25 07:00,Punjabi_Bagh,36.4,34.046963,35.519146,36.4,77.6,0,0
2024-03-25 08:00,Punjabi_Bagh,36.1,37.041004,41.862717,36.1,73.60000000000001,0,0
2024-03-25 09:00,Punjabi_Bagh,34.9,51.15479,55.682476,34.9,86.4,0,0
2024-03-25 10:00,Punjabi_Bagh,34.1,61.537975,55.460285,34.1,139.2,0,0
2024-03-25 11:00,Punjabi_Bagh,34.2,65.88613,59.81172,34.2,161.20000000000002,0,0
2024-03-25 12:00,Punjabi_Bagh,38.9,70.10812,67.24841,38.9,166.8,0,0
2024-03-25 13:00,Punjabi_Bagh,42.0,73.09822,75.75666,42.0,188.79999999999998,0,0
2024-03-25 14:00,Punjabi_Bagh,43.1,75.17735,77.20879,43.1,220.0,0,0
2024-03-25 15:00,Punjabi_Bagh,43.1,71.7414,76.01151,43.1,244.4,0,0
2024-03-25 16:00,Punjabi_Bagh,42.7,70.357956,74.860085,42.7,246.0,0,0
2024-03-25 17:00,Punjabi_Bagh,42.3,64.9934,71.69217,42.3,234.8,0,0
2024-03-25 18:00,Punjabi_Bagh,41.3,69.626366,72.56521,41.3,153.2,0,0
2024-03-25 19:00,Punjabi_Bagh,40.9,62.99727,69.84945,40.9,176.0,0,0
2024-03-25 20:00,Punjabi_Bagh,40.4,55.906258,63.155952,40.4,147.6,0,0
2024-03-25 21:00,Punjabi_Bagh,40.0,45.171036,55.163044,40.0,144.4,0,1
2024-03-25 22:00,Punjabi_Bagh,39.5,41.36522,50.296474,39.5,135.6,0,1
2024-03-25 23:00,Punjabi_Bagh,42.7,37.804886,42.272053,42.7,128.0,0,1
2024-03-26 00:00,Punjabi_Bagh,43.3,39.95186,43.190998,43.3,120.0,0,1
2024-03-26 01:00,Punjabi_Bagh,47.3,41.20012,44.285545,47.3,124.39999999999999,0,1
2024-03-26 02:00,Punjabi_Bagh,50.2,44.514015,50.203644,50.2,120.0,0,1
2024-03-26 03:00,Punjabi_Bagh,50.4,41.595062,45.182507,50.4,117.6,0,1
2024-03-26 04:00,Punjabi_Bagh,49.4,41.38792,44.585274,49.4,120.39999999999999,0,1
2024-03-26 05:00,Punjabi_Bagh,46.6,38.745655,43.065693,46.6,116.4,0,1
2024-03-26 06:00,Punjabi_Bagh,36.4,39.2871,42.266777,36.4,108.0,0,1
2024-03-26 07:00,Punjabi_Bagh,31.5,43.18947,46.308918,31.5,92.0,0,0
2024-03-26 08:00,Punjabi_Bagh,29.7,39.44917,43.875587,29.7,74.80000000000001,0,0
2024-03-26 09:00,Punjabi_Bagh,29.9,46.30958,50.68924,29.9,79.6,0,0
2024-03-26 10:00,Punjabi_Bagh,30.7,65.54399,65.625565,30.7,97.6,0,0
2024-03-26 11:00,Punjabi_Bagh,39.1,70.16599,71.07066,39.1,108.80000000000001,0,0
2024-03-26 12:00,Punjabi_Bagh,45.2,72.955444,78.09201,45.2,114.39999999999999,0,0
2024-03-26 13:00,Punjabi_Bagh,51.1,72.415115,77.11142,51.1,137.6,0,0
2024-03-26 14:00,Punjabi_Bagh,53.8,73.30788,74.8956,53.8,157.6,0,0
2024-03-26 15:00,Punjabi_Bagh,55.5,73.455666,77.81498,55.5,153.2,0,0
2024-03-26 16:00,Punjabi_Bagh,57.6,73.208145,76.34739,57.6,158.0,0,0
2024-03-26 17:00,Punjabi_Bagh,55.5,70.03976,77.06414,55.5,144.0,0,0
2024-03-26 18:00,Punjabi_Bagh,51.3,81.72716,84.10172,51.3,104.39999999999999,0,0
2024-03-26 19:00,Punjabi_Bagh,48.8,65.329254,70.914696,48.8,120.39999999999999,0,0
2024-03-26 20:00,Punjabi_Bagh,48.2,61.590282,65.60712,48.2,116.4,0,0
2024-03-26 21:00,Punjabi_Bagh,49.0,56.664986,58.604614,49.0,102.0,0,1
2024-03-26 22:00,Punjabi_Bagh,50.6,48.514595,53.752083,50.6,111.19999999999999,0,1
2024-03-26 23:00,Punjabi_Bagh,60.1,47.134914,50.591106,60.1,116.0,0,1
2024-03-27 00:00,Punjabi_Bagh,65.0,45.00759,50.053757,65.0,156.0,0,1
2024-03-27 01:00,Punjabi_Bagh,76.6,49.593357,54.344795,76.6,57.199999999999996,1,1
2024-03-27 02:00,Punjabi_Bagh,76.1,52.55765,53.483,76.1,62.800000000000004,0,1
2024-03-27 03:00,Punjabi_Bagh,67.1,53.523525,55.516544,67.1,73.60000000000001,0,1
2024-03-27 04:00,Punjabi_Bagh,56.9,53.901497,55.82854,56.9,38.0,1,1
2024-03-27 05:00,Punjabi_Bagh,49.7,51.74337,53.649525,49.7,54.0,1,1
2024-03-27 06:00,Punjabi_Bagh,41.0,41.534466,46.107315,41.0,139.60000000000002,0,1
2024-03-27 07:00,Punjabi_Bagh,35.7,45.19306,41.983765,35.7,62.800000000000004,0,0
2024-03-27 08:00,Punjabi_Bagh,35.3,44.607994,39.389996,35.3,44.0,1,0
2024-03-27 09:00,Punjabi_Bagh,35.2,65.88495,57.282394,35.2,14.399999999999999,1,0
2024-03-27 10:00,Punjabi_Bagh,35.0,69.1552,59.05888,35.0,36.4,1,0
2024-03-27 11:00,Punjabi_Bagh,41.0,75.85561,67.94261,41.0,16.4,1,0
2024-03-27 12:00,Punjabi_Bagh,50.6,78.77177,69.39723,50.6,44.800000000000004,1,0
2024-03-27 13:00,Punjabi_Bagh,60.3,76.32113,75.48308,60.3,93.6,0,0
2024-03-27 14:00,Punjabi_Bagh,67.8,78.28909,83.42017,67.8,109.2,0,0
2024-03-27 15:00,Punjabi_Bagh,69.2,69.91932,80.06854,69.2,134.4,0,0
2024-03-27 16:00,Punjabi_Bagh,63.8,75.12541,81.96773,63.8,158.8,0,0
2024-03-27 17:00,Punjabi_Bagh,58.0,70.75489,77.796295,58.0,139.60000000000002,0,0
2024-03-27 18:00,Punjabi_Bagh,52.7,67.78569,72.37605,52.7,136.0,0,0
2024-03-27 19:00,Punjabi_Bagh,48.5,67.74005,68.74248,48.5,153.2,0,0
2024-03-27 20:00,Punjabi_Bagh,45.4,63.639763,62.865032,45.4,190.0,0,0
2024-03-27 21:00,Punjabi_Bagh,43.7,65.68797,65.92097,43.7,147.6,0,1
2024-03-27 22:00,Punjabi_Bagh,43.2,72.22531,69.62303,43.2,112.0,0,1
2024-03-27 23:00,Punjabi_Bagh,42.0,57.45368,57.91475,42.0,84.80000000000001,0,1
2024-03-28 00:00,Punjabi_Bagh,43.1,72.47511,77.65549,43.1,25.6,1,1
2024-03-28 01:00,Punjabi_Bagh,45.5,52.659744,54.43941,45.5,107.6,0,1
2024-03-28 02:00,Punjabi_Bagh,47.1,59.156124,58.78235,47.1,76.39999999999999,0,1
2024-03-28 03:00,Punjabi_Bagh,45.9,55.09744,57.476402,45.9,77.2,0,1
2024-03-28 04:00,Punjabi_Bagh,47.4,49.036175,53.198864,47.4,86.4,0,1
2024-03-28 05:00,Punjabi_Bagh,48.4,44.758602,51.406315,48.4,91.19999999999999,0,1
2024-03-28 06:00,Punjabi_Bagh,48.2,42.569324,45.73646,48.2,104.39999999999999,0,1
2024-03-28 07:00,Punjabi_Bagh,44.0,39.03893,45.556602,44.0,88.4,0,0
2024-03-28 08:00,Punjabi_Bagh,38.2,44.138096,45.907955,38.2,82.4,0,0
2024-03-28 09:00,Punjabi_Bagh,34.8,61.30756,63.044697,34.8,68.0,0,0
2024-03-28 10:00,Punjabi_Bagh,33.3,62.042126,64.055664,33.3,55.599999999999994,1,0
2024-03-28 11:00,Punjabi_Bagh,56.7,68.97994,66.47507,56.7,41.2,1,0
2024-03-28 12:00,Punjabi_Bagh,78.2,77.21276,78.06128,78.2,52.0,1,0
2024-03-28 13:00,Punjabi_Bagh,78.9,84.73917,87.14388,78.9,72.0,0,0
2024-03-28 14:00,Punjabi_Bagh,70.5,90.94091,92.293976,70.5,106.4,0,0
2024-03-28 15:00,Punjabi_Bagh,59.5,76.99865,82.41717,59.5,131.2,0,0
2024-03-28 16:00,Punjabi_Bagh,49.4,75.49028,78.46437,49.4,159.2,0,0
2024-03-28 17:00,Punjabi_Bagh,43.4,73.79506,76.85008,43.4,141.6,0,0
2024-03-28 18:00,Punjabi_Bagh,41.0,80.73297,77.10163,41.0,142.0,0,0
2024-03-28 19:00,Punjabi_Bagh,41.6,77.18038,75.77758,41.6,158.4,0,0
2024-03-28 20:00,Punjabi_Bagh,43.0,73.00885,67.81218,43.0,173.2,0,0
2024-03-28 21:00,Punjabi_Bagh,45.4,70.46077,67.174706,45.4,160.0,0,1
2024-03-28 22:00,Punjabi_Bagh,50.2,70.095474,69.93293,50.2,104.0,0,1
2024-03-28 23:00,Punjabi_Bagh,60.8,58.381916,66.88873,60.8,84.0,0,1
2024-03-29 00:00,Punjabi_Bagh,64.0,58.960636,56.742973,64.0,52.0,1,1
2024-03-29 01:00,Punjabi_Bagh,70.3,61.6627,60.084316,70.3,48.8,1,1
2024-03-29 02:00,Punjabi_Bagh,74.0,60.02658,60.553448,74.0,56.4,1,1
2024-03-29 03:00,Punjabi_Bagh,70.5,50.712128,55.281757,70.5,52.0,1,1
2024-03-29 04:00,Punjabi_Bagh,65.7,47.24013,54.46434,65.7,66.0,0,1
2024-03-29 05:00,Punjabi_Bagh,58.7,43.06271,52.71194,58.7,48.8,1,1
2024-03-29 06:00,Punjabi_Bagh,58.7,45.246555,48.391903,58.7,40.0,1,1
2024-03-29 07:00,Punjabi_Bagh,57.7,46.26701,44.47316,57.7,38.0,1,0
2024-03-29 08:00,Punjabi_Bagh,54.1,46.318935,37.604214,54.1,57.199999999999996,1,0
2024-03-29 09:00,Punjabi_Bagh,50.2,68.86541,60.172,50.2,94.39999999999999,0,0
2024-03-29 10:00,Punjabi_Bagh,46.9,70.9746,60.54949,46.9,105.60000000000001,0,0
2024-03-29 11:00,Punjabi_Bagh,47.6,77.8692,69.091064,47.6,98.0,0,0
2024-03-29 12:00,Punjabi_Bagh,57.4,83.74816,76.130394,57.4,86.4,0,0
2024-03-29 13:00,Punjabi_Bagh,62.4,78.36257,76.23373,62.4,95.19999999999999,0,0
2024-03-29 14:00,Punjabi_Bagh,64.5,76.488075,75.87497,64.5,102.4,0,0
2024-03-29 15:00,Punjabi_Bagh,63.3,74.43823,72.27988,63.3,160.0,0,0
2024-03-29 16:00,Punjabi_Bagh,61.9,90.392845,83.84149,61.9,83.2,0,0
2024-03-29 17:00,Punjabi_Bagh,61.5,77.70162,75.37506,61.5,150.0,0,0
2024-03-29 18:00,Punjabi_Bagh,60.5,91.41243,87.88928,60.5,108.4,0,0
2024-03-29 19:00,Punjabi_Bagh,60.1,81.150635,75.86669,60.1,26.8,1,0
2024-03-29 20:00,Punjabi_Bagh,57.6,75.8912,72.313156,57.6,44.0,1,0
2024-03-29 21:00,Punjabi_Bagh,48.9,72.65474,68.32193,48.9,166.8,0,1
2024-03-29 22:00,Punjabi_Bagh,35.5,75.35517,72.69753,35.5,132.4,0,1
2024-03-29 23:00,Punjabi_Bagh,61.0,64.97424,65.069595,61.0,148.8,0,1
2024-03-30 00:00,Punjabi_Bagh,55.6,61.77835,59.225998,55.6,129.60000000000002,0,1
2024-03-30 01:00,Punjabi_Bagh,54.5,62.695362,57.546818,54.5,138.8,0,1
2024-03-30 02:00,Punjabi_Bagh,54.8,62.150063,59.44025,54.8,137.6,0,1
2024-03-30 03:00,Punjabi_Bagh,55.3,59.213707,56.416843,55.3,121.6,0,1
2024-03-30 04:00,Punjabi_Bagh,55.9,55.70725,50.868008,55.9,116.0,0,1
2024-03-30 05:00,Punjabi_Bagh,57.7,50.88882,57.71007,57.7,121.6,0,1
2024-03-30 06:00,Punjabi_Bagh,57.5,49.853767,48.92667,57.5,226.4,0,1
2024-03-30 07:00,Punjabi_Bagh,52.7,49.04493,48.61224,52.7,176.0,0,0
2024-03-30 08:00,Punjabi_Bagh,40.9,56.184067,52.063175,40.9,140.8,0,0
2024-03-30 09:00,Punjabi_Bagh,34.2,79.23179,65.69405,34.2,196.0,0,0
2024-03-30 10:00,Punjabi_Bagh,30.7,74.87336,62.14293,30.7,190.39999999999998,0,0
2024-03-30 11:00,Punjabi_Bagh,37.5,84.12328,79.78707,37.5,107.6,0,0
2024-03-30 12:00,Punjabi_Bagh,40.7,89.09938,82.544785,40.7,45.199999999999996,1,0
2024-03-30 13:00,Punjabi_Bagh,39.9,93.75059,93.24281,39.9,32.8,1,0
2024-03-30 14:00,Punjabi_Bagh,39.5,96.89239,95.91008,39.5,92.4,0,0
2024-03-30 15:00,Punjabi_Bagh,40.3,79.42764,77.126236,40.3,172.0,0,0
2024-03-30 16:00,Punjabi_Bagh,42.0,79.591415,80.98843,42.0,132.79999999999998,0,0
2024-03-30 17:00,Punjabi_Bagh,43.9,85.08721,87.546616,43.9,108.80000000000001,0,0
2024-03-30 18:00,Punjabi_Bagh,44.4,68.83406,73.18122,44.4,167.60000000000002,0,0
2024-03-30 19:00,Punjabi_Bagh,45.5,67.08342,72.193886,45.5,152.79999999999998,0,0
2024-03-30 20:00,Punjabi_Bagh,47.4,59.25601,62.950375,47.4,138.0,0,0
2024-03-30 21:00,Punjabi_Bagh,50.6,58.589287,65.56857,50.6,121.6,0,1
2024-03-30 22:00,Punjabi_Bagh,53.0,44.51903,56.79505,53.0,117.6,0,1
2024-03-30 23:00,Punjabi_Bagh,46.0,45.006443,53.734367,46.0,96.8,0,1
2024-03-31 00:00,Punjabi_Bagh,51.0,42.675343,46.727596,51.0,118.0,0,1
2024-03-31 01:00,Punjabi_Bagh,66.4,44.63679,51.471523,66.4,54.400000000000006,1,1
2024-03-31 02:00,Punjabi_Bagh,60.8,55.595886,56.876007,60.8,26.8,1,1
2024-03-31 03:00,Punjabi_Bagh,45.5,48.683426,50.35286,45.5,56.0,1,1
2024-03-31 04:00,Punjabi_Bagh,33.5,50.05209,53.145058,33.5,48.4,1,1
2024-03-31 05:00,Punjabi_Bagh,29.9,44.13343,51.658314,29.9,86.0,0,1
2024-03-31 06:00,Punjabi_Bagh,28.6,42.241573,50.586605,28.6,97.6,0,1
2024-03-31 07:00,Punjabi_Bagh,26.5,44.315247,46.41615,26.5,73.60000000000001,0,0
2024-03-31 08:00,Punjabi_Bagh,22.2,48.596104,41.753956,22.2,106.4,0,0
2024-03-31 09:00,Punjabi_Bagh,21.5,72.304695,62.331364,21.5,114.80000000000001,0,0
2024-03-31 10:00,Punjabi_Bagh,22.3,73.50772,62.429478,22.3,100.8,0,0
2024-03-31 11:00,Punjabi_Bagh,27.4,71.91255,62.439903,27.4,104.80000000000001,0,0
2024-03-31 12:00,Punjabi_Bagh,33.4,73.992874,67.82556,33.4,131.2,0,0
2024-03-31 13:00,Punjabi_Bagh,39.5,72.18769,63.976242,39.5,166.4,0,0
2024-03-31 14:00,Punjabi_Bagh,43.4,71.05309,60.762337,43.4,181.20000000000002,0,0
2024-03-31 15:00,Punjabi_Bagh,46.1,65.636154,58.49746,46.1,219.20000000000002,0,0
2024-03-31 16:00,Punjabi_Bagh,48.1,60.46554,55.924404,48.1,236.4,0,0
2024-03-31 17:00,Punjabi_Bagh,49.6,61.98341,58.524773,49.6,195.2,0,0
2024-03-31 18:00,Punjabi_Bagh,50.1,57.98209,71.697365,50.1,132.0,0,0
2024-03-31 19:00,Punjabi_Bagh,51.1,61.714012,71.8543,51.1,138.0,0,0
2024-03-31 20:00,Punjabi_Bagh,51.5,52.56459,64.544754,51.5,150.39999999999998,0,0
2024-03-31 21:00,Punjabi_Bagh,50.8,47.076847,56.819714,50.8,174.8,0,1
2024-03-31 22:00,Punjabi_Bagh,49.1,41.365566,51.500614,49.1,184.4,0,1
2024-03-31 23:00,Punjabi_Bagh,47.4,42.190502,49.57614,47.4,153.2,0,1
2024-04-01 00:00,Punjabi_Bagh,46.7,41.86597,47.189636,46.7,131.6,0,1
2024-04-01 01:00,Punjabi_Bagh,48.1,42.276047,47.70674,48.1,125.19999999999999,0,1
2024-04-01 02:00,Punjabi_Bagh,47.3,42.598503,50.856487,47.3,120.0,0,1
2024-04-01 03:00,Punjabi_Bagh,44.4,46.315037,54.10599,44.4,113.2,0,1
2024-04-01 04:00,Punjabi_Bagh,36.1,46.42054,49.256767,36.1,113.6,0,1
2024-04-01 05:00,Punjabi_Bagh,25.0,43.59735,44.249493,25.0,124.0,0,1
2024-04-01 06:00,Punjabi_Bagh,23.6,41.43806,41.52684,23.6,109.2,0,1
2024-04-01 07:00,Punjabi_Bagh,23.1,42.975063,46.5034,23.1,108.4,0,0
2024-04-01 08:00,Punjabi_Bagh,23.7,39.842175,44.018757,23.7,148.4,0,0
2024-04-01 09:00,Punjabi_Bagh,26.1,43.53181,45.05519,26.1,163.2,0,0
2024-04-01 10:00,Punjabi_Bagh,28.9,65.29947,59.67702,28.9,167.2,0,0
2024-04-01 11:00,Punjabi_Bagh,30.3,65.684875,57.789192,30.3,192.39999999999998,0,0
2024-04-01 12:00,Punjabi_Bagh,36.4,71.03307,58.97912,36.4,204.0,0,0
2024-04-01 13:00,Punjabi_Bagh,42.8,70.05136,59.22984,42.8,218.4,0,0
2024-04-01 14:00,Punjabi_Bagh,46.3,70.23391,60.63833,46.3,230.79999999999998,0,0
2024-04-01 15:00,Punjabi_Bagh,46.8,66.865425,61.534775,46.8,236.4,0,0
2024-04-01 16:00,Punjabi_Bagh,45.8,62.85999,60.745735,45.8,228.79999999999998,0,0
2024-04-01 17:00,Punjabi_Bagh,43.8,61.021416,60.97182,43.8,222.0,0,0
2024-03-19 02:00,RK_Puram,67.1,60.210686,55.876034,67.1,85.05000000000001,0,1
2024-03-19 03:00,RK_Puram,63.3,64.06779,61.256584,63.3,70.0,0,1
2024-03-19 04:00,RK_Puram,58.8,62.712383,62.155296,58.8,50.05,1,1
2024-03-19 05:00,RK_Puram,44.0,59.953884,60.73768,44.0,61.25,0,1
2024-03-19 06:00,RK_Puram,37.1,54.900013,51.67611,37.1,60.55,0,1
2024-03-19 07:00,RK_Puram,36.0,42.600067,41.623325,36.0,74.2,0,0
2024-03-19 08:00,RK_Puram,32.2,43.653168,40.419777,32.2,42.35,1,0
2024-03-19 09:00,RK_Puram,29.0,38.546356,35.576164,29.0,42.699999999999996,1,0
2024-03-19 10:00,RK_Puram,28.4,44.31872,42.304043,28.4,46.2,1,0
2024-03-19 11:00,RK_Puram,43.8,68.72626,60.66675,43.8,50.05,1,0
2024-03-19 12:00,RK_Puram,53.8,73.0263,70.08647,53.8,67.2,0,0
2024-03-19 13:00,RK_Puram,55.3,75.39819,74.76727,55.3,96.6,0,0
2024-03-19 14:00,RK_Puram,60.5,74.33599,66.78611,60.5,158.2,0,0
2024-03-19 15:00,RK_Puram,73.1,72.403435,62.736637,73.1,151.55,0,0
2024-03-19 16:00,RK_Puram,77.8,68.459595,64.60861,77.8,130.20000000000002,0,0
2024-03-19 17:00,RK_Puram,82.9,66.94515,75.058174,82.9,124.25,0,0
2024-03-19 18:00,RK_Puram,85.0,68.65857,66.368935,85.0,73.85,0,0
2024-03-19 19:00,RK_Puram,85.2,56.93636,55.43865,85.2,102.89999999999999,0,0
2024-03-19 20:00,RK_Puram,83.4,50.542557,53.534626,83.4,112.35,0,0
2024-03-19 21:00,RK_Puram,80.1,57.73812,59.95274,80.1,81.55,0,1
2024-03-19 22:00,RK_Puram,76.4,53.838387,53.556103,76.4,103.6,0,1
2024-03-19 23:00,RK_Puram,71.7,53.87573,50.334885,71.7,74.2,0,1
2024-03-20 00:00,RK_Puram,71.0,59.432953,53.68352,71.0,34.3,1,1
2024-03-20 01:00,RK_Puram,79.6,59.265743,54.30542,79.6,42.699999999999996,1,1
2024-03-20 02:00,RK_Puram,84.3,70.56235,73.60271,84.3,69.3,0,1
2024-03-20 03:00,RK_Puram,82.2,70.853134,70.57741,82.2,52.5,0,1
2024-03-20 04:00,RK_Puram,73.6,68.63434,73.403046,73.6,72.10000000000001,0,1
2024-03-20 05:00,RK_Puram,51.5,68.76649,61.643368,51.5,64.4,0,1
2024-03-20 06:00,RK_Puram,42.5,61.6259,56.82938,42.5,59.5,0,1
2024-03-20 07:00,RK_Puram,40.0,53.97413,48.74885,40.0,79.1,0,0
2024-03-20 08:00,RK_Puram,41.1,49.840645,42.995533,41.1,58.099999999999994,0,0
2024-03-20 09:00,RK_Puram,43.8,49.64953,50.49236,43.8,59.5,0,0
2024-03-20 10:00,RK_Puram,47.1,67.35278,65.09757,47.1,83.3,0,0
2024-03-20 11:00,RK_Puram,49.4,74.822914,64.98246,49.4,109.55,0,0
2024-03-20 12:00,RK_Puram,62.2,66.65138,61.22721,62.2,103.6,0,0
2024-03-20 13:00,RK_Puram,78.5,63.906372,66.60847,78.5,85.39999999999999,0,0
2024-03-20 14:00,RK_Puram,91.5,67.11958,69.241745,91.5,75.25,0,0
2024-03-20 15:00,RK_Puram,97.1,70.491714,69.051216,97.1,63.35,0,0
2024-03-20 16:00,RK_Puram,99.2,82.670204,77.9422,99.2,87.85,0,0
2024-03-20 17:00,RK_Puram,97.6,75.35419,71.93709,97.6,107.10000000000001,0,0
2024-03-20 18:00,RK_Puram,89.2,69.22497,64.19046,89.2,83.3,0,0
2024-03-20 19:00,RK_Puram,76.6,57.781147,58.21915,76.6,107.8,0,0
2024-03-20 20:00,RK_Puram,65.9,62.732986,65.312935,65.9,98.0,0,0
2024-03-20 21:00,RK_Puram,58.8,61.75646,65.39475,58.8,79.1,0,1
2024-03-20 22:00,RK_Puram,57.9,63.942368,76.739655,57.9,75.25,0,1
2024-03-20 23:00,RK_Puram,62.6,59.697224,63.64609,62.6,112.7,0,1
2024-03-21 00:00,RK_Puram,71.0,61.808857,63.09136,71.0,91.7,0,1
2024-03-21 01:00,RK_Puram,80.8,66.33179,71.83121,80.8,73.85,0,1
2024-03-21 02:00,RK_Puram,89.4,62.664288,67.17805,89.4,118.3,0,1
2024-03-21 03:00,RK_Puram,98.7,62.18119,66.84636,98.7,147.7,0,1
2024-03-21 04:00,RK_Puram,97.3,59.891033,62.87935,97.3,182.0,0,1
2024-03-21 05:00,RK_Puram,93.8,56.95945,59.52182,93.8,153.29999999999998,0,1
2024-03-21 06:00,RK_Puram,88.5,54.47176,57.626266,88.5,148.75,0,1
2024-03-21 07:00,RK_Puram,82.9,52.72793,51.355724,82.9,139.65,0,0
2024-03-21 08:00,RK_Puram,76.1,49.554825,48.036392,76.1,178.85000000000002,0,0
2024-03-21 09:00,RK_Puram,69.6,51.706005,55.42338,69.6,171.5,0,0
2024-03-21 10:00,RK_Puram,63.8,54.704807,58.467308,63.8,161.0,0,0
2024-03-21 11:00,RK_Puram,75.0,73.30062,75.06026,75.0,151.55,0,0
2024-03-21 12:00,RK_Puram,78.9,78.41304,82.0715,78.9,140.0,0,0
2024-03-21 13:00,RK_Puram,82.7,78.46758,81.85253,82.7,131.95,0,0
2024-03-21 14:00,RK_Puram,82.4,74.420906,82.73124,82.4,99.05,0,0
2024-03-21 15:00,RK_Puram,79.4,97.11187,103.18783,79.4,74.55,0,0
2024-03-21 16:00,RK_Puram,76.8,111.472145,109.247574,76.8,65.10000000000001,0,0
2024-03-21 17:00,RK_Puram,73.8,126.3223,121.35983,73.8,67.55,0,0
2024-03-21 18:00,RK_Puram,68.2,100.97624,93.54384,68.2,108.14999999999999,0,0
2024-03-21 19:00,RK_Puram,65.7,98.8772,89.356606,65.7,103.25,0,0
2024-03-21 20:00,RK_Puram,61.9,95.52066,84.623055,61.9,112.0,0,0
2024-03-21 21:00,RK_Puram,58.7,93.57401,88.62372,58.7,96.6,0,1
2024-03-21 22:00,RK_Puram,57.0,73.24847,75.11087,57.0,116.55,0,1
2024-03-21 23:00,RK_Puram,54.8,71.23761,75.347725,54.8,119.7,0,1
2024-03-22 00:00,RK_Puram,54.8,70.502914,71.339676,54.8,120.39999999999999,0,1
2024-03-22 01:00,RK_Puram,56.8,71.7118,69.47913,56.8,129.15,0,1
2024-03-22 02:00,RK_Puram,58.1,70.53581,71.63682,58.1,111.30000000000001,0,1
2024-03-22 03:00,RK_Puram,52.6,70.13549,70.895454,52.6,116.55,0,1
2024-03-22 04:00,RK_Puram,53.1,68.35698,69.84025,53.1,122.5,0,1
2024-03-22 05:00,RK_Puram,50.3,67.12013,70.185905,50.3,127.4,0,1
2024-03-22 06:00,RK_Puram,45.6,56.165848,60.043907,45.6,84.35000000000001,0,1
2024-03-22 07:00,RK_Puram,41.3,51.67752,52.91201,41.3,107.8,0,0
2024-03-22 08:00,RK_Puram,38.3,50.104073,50.74591,38.3,109.9,0,0
2024-03-22 09:00,RK_Puram,37.0,52.383045,51.8966,37.0,123.9,0,0
2024-03-22 10:00,RK_Puram,38.6,75.95775,65.03472,38.6,125.3,0,0
2024-03-22 11:00,RK_Puram,55.6,79.69283,72.09798,55.6,119.0,0,0
2024-03-22 12:00,RK_Puram,80.1,88.38306,83.51564,80.1,93.80000000000001,0,0
2024-03-22 13:00,RK_Puram,102.7,93.150055,87.510345,102.7,62.65,0,0
2024-03-22 14:00,RK_Puram,116.4,92.1213,88.69319,116.4,50.05,1,0
2024-03-22 15:00,RK_Puram,119.7,91.97546,86.50501,119.7,52.15,1,0
2024-03-22 16:00,RK_Puram,120.6,95.107056,91.45683,120.6,46.550000000000004,1,0
2024-03-22 17:00,RK_Puram,120.1,83.970726,79.0942,120.1,48.65,1,0
2024-03-22 18:00,RK_Puram,116.9,77.60289,76.18865,116.9,101.85000000000001,0,0
2024-03-22 19:00,RK_Puram,111.3,60.373653,59.429462,111.3,91.0,0,0
2024-03-22 20:00,RK_Puram,104.8,62.070377,61.83672,104.8,63.0,0,0
2024-03-22 21:00,RK_Puram,97.1,88.46496,93.93132,97.1,15.75,1,1
2024-03-22 22:00,RK_Puram,88.7,61.330616,67.615105,88.7,73.5,0,1
2024-03-22 23:00,RK_Puram,71.5,60.40859,64.34696,71.5,89.25,0,1
2024-03-23 00:00,RK_Puram,68.2,67.54031,69.88231,68.2,78.4,0,1
2024-03-23 01:00,RK_Puram,67.8,83.91132,91.42083,67.8,77.0,0,1
2024-03-23 02:00,RK_Puram,65.7,81.74161,93.49131,65.7,73.5,0,1
2024-03-23 03:00,RK_Puram,61.0,79.48593,80.0416,61.0,73.85,0,1
2024-03-23 04:00,RK_Puram,53.7,74.75086,75.45241,53.7,74.2,0,1
2024-03-23 05:00,RK_Puram,44.1,70.93276,70.507935,44.1,68.95,0,1
2024-03-23 06:00,RK_Puram,42.1,70.51888,67.21719,42.1,58.099999999999994,0,1
2024-03-23 07:00,RK_Puram,39.9,66.99423,64.364174,39.9,87.5,0,0
2024-03-23 08:00,RK_Puram,37.1,62.46192,62.282726,37.1,72.10000000000001,0,0
2024-03-23 09:00,RK_Puram,36.1,61.873024,63.802742,36.1,83.3,0,0
2024-03-23 10:00,RK_Puram,36.3,63.329224,61.82346,36.3,111.30000000000001,0,0
2024-03-23 11:00,RK_Puram,50.2,71.5267,67.018616,50.2,139.3,0,0
2024-03-23 12:00,RK_Puram,54.7,77.89243,68.768074,54.7,156.8,0,0
2024-03-23 13:00,RK_Puram,63.6,78.57776,71.73727,63.6,175.7,0,0
2024-03-23 14:00,RK_Puram,69.8,76.70039,72.28915,69.8,183.4,0,0
2024-03-23 15:00,RK_Puram,73.3,74.64518,72.90146,73.3,189.35,0,0
2024-03-23 16:00,RK_Puram,74.7,73.418686,73.88784,74.7,190.4,0,0
2024-03-23 17:00,RK_Puram,71.9,73.10836,74.673096,71.9,161.35000000000002,0,0
2024-03-23 18:00,RK_Puram,68.5,83.85464,83.18615,68.5,72.8,0,0
2024-03-23 19:00,RK_Puram,65.2,72.03722,69.28505,65.2,81.55,0,0
2024-03-23 20:00,RK_Puram,64.0,64.23916,61.677277,64.0,90.64999999999999,0,0
2024-03-23 21:00,RK_Puram,61.7,62.106068,52.614845,61.7,81.55,0,1
2024-03-23 22:00,RK_Puram,60.1,55.900257,49.639706,60.1,95.2,0,1
2024-03-23 23:00,RK_Puram,83.4,48.97913,43.37837,83.4,104.3,0,1
2024-03-24 00:00,RK_Puram,81.7,45.5731,43.50782,81.7,140.35,0,1
2024-03-24 01:00,RK_Puram,85.7,45.910755,48.627216,85.7,133.35,0,1
2024-03-24 02:00,RK_Puram,86.1,55.751217,55.15254,86.1,109.9,0,1
2024-03-24 03:00,RK_Puram,84.8,72.38262,68.32358,84.8,24.849999999999998,1,1
2024-03-24 04:00,RK_Puram,66.1,65.46028,64.21857,66.1,52.15,1,1
2024-03-24 05:00,RK_Puram,52.4,58.312717,61.646458,52.4,77.7,0,1
2024-03-24 06:00,RK_Puram,44.2,54.31417,54.271408,44.2,65.45,0,1
2024-03-24 07:00,RK_Puram,45.5,51.422005,44.75139,45.5,91.0,0,0
2024-03-24 08:00,RK_Puram,48.3,51.792133,52.172337,48.3,85.05000000000001,0,0
2024-03-24 09:00,RK_Puram,54.0,66.08148,73.10022,54.0,112.7,0,0
2024-03-24 10:00,RK_Puram,62.4,71.174736,64.49083,62.4,143.85000000000002,0,0
2024-03-24 11:00,RK_Puram,51.1,83.45618,68.27046,51.1,227.15,0,0
2024-03-24 12:00,RK_Puram,52.4,76.497,65.389946,52.4,210.7,0,0
2024-03-24 13:00,RK_Puram,53.8,73.868744,68.92153,53.8,239.4,0,0
2024-03-24 14:00,RK_Puram,56.5,76.422646,71.343094,56.5,299.25,0,0
2024-03-24 15:00,RK_Puram,64.0,67.26093,64.51177,64.0,343.7,0,0
2024-03-24 16:00,RK_Puram,72.9,73.87043,65.810616,72.9,208.25,0,0
2024-03-24 17:00,RK_Puram,77.8,61.848503,66.763504,77.8,116.89999999999999,0,0
2024-03-24 18:00,RK_Puram,72.4,58.500763,62.616093,72.4,116.89999999999999,0,0
2024-03-24 19:00,RK_Puram,66.6,59.342155,59.81612,66.6,84.0,0,0
2024-03-24 20:00,RK_Puram,62.4,58.188957,57.053482,62.4,65.45,0,0
2024-03-24 21:00,RK_Puram,57.5,64.13014,58.647667,57.5,24.849999999999998,1,1
2024-03-24 22:00,RK_Puram,53.1,55.613216,58.06497,53.1,56.35,0,1
2024-03-24 23:00,RK_Puram,62.4,53.86679,54.004547,62.4,52.85,0,1
2024-03-25 00:00,RK_Puram,57.2,50.964043,51.0539,57.2,59.85,0,1
2024-03-25 01:00,RK_Puram,57.7,55.731716,53.942326,57.7,63.35,0,1
2024-03-25 02:00,RK_Puram,58.8,56.336205,57.07194,58.8,66.5,0,1
2024-03-25 03:00,RK_Puram,60.8,57.266315,56.973694,60.8,59.5,0,1
2024-03-25 04:00,RK_Puram,61.9,61.164944,60.758255,61.9,61.95,0,1
2024-03-25 05:00,RK_Puram,43.2,59.64132,60.51357,43.2,64.4,0,1
2024-03-25 06:00,RK_Puram,44.7,55.6381,56.482082,44.7,76.64999999999999,0,1
2024-03-25 07:00,RK_Puram,45.5,47.883884,50.272614,45.5,93.80000000000001,0,0
2024-03-25 08:00,RK_Puram,46.0,47.04334,46.046234,46.0,77.7,0,0
2024-03-25 09:00,RK_Puram,45.9,64.89046,56.90254,45.9,80.5,0,0
2024-03-25 10:00,RK_Puram,46.2,75.90238,60.379467,46.2,119.35000000000001,0,0
2024-03-25 11:00,RK_Puram,42.5,80.238335,68.01064,42.5,141.05,0,0
2024-03-25 12:00,RK_Puram,52.3,84.422195,74.49313,52.3,143.85000000000002,0,0
2024-03-25 13:00,RK_Puram,59.0,83.882034,77.74787,59.0,164.15,0,0
2024-03-25 14:00,RK_Puram,60.5,86.65103,78.8238,60.5,186.55,0,0
2024-03-25 15:00,RK_Puram,59.8,87.31119,79.23243,59.8,205.10000000000002,0,0
2024-03-25 16:00,RK_Puram,58.8,86.22221,79.11867,58.8,205.79999999999998,0,0
2024-03-25 17:00,RK_Puram,57.2,82.687065,78.34379,57.2,200.55,0,0
2024-03-25 18:00,RK_Puram,54.4,82.5538,81.104454,54.4,116.55,0,0
2024-03-25 19:00,RK_Puram,50.6,80.31979,74.48679,50.6,141.75,0,0
2024-03-25 20:00,RK_Puram,47.1,65.95644,64.33128,47.1,112.7,0,0
2024-03-25 21:00,RK_Puram,44.1,57.713326,60.133083,44.1,111.30000000000001,0,1
2024-03-25 22:00,RK_Puram,44.1,53.23078,58.69491,44.1,108.85,0,1
2024-03-25 23:00,RK_Puram,45.9,46.997543,52.464516,45.9,104.3,0,1
2024-03-26 00:00,RK_Puram,46.7,54.038277,55.207638,46.7,92.4,0,1
2024-03-26 01:00,RK_Puram,51.0,48.760326,55.022816,51.0,89.25,0,1
2024-03-26 02:00,RK_Puram,55.5,52.050606,56.91886,55.5,86.45,0,1
2024-03-26 03:00,RK_Puram,54.8,49.694004,49.864952,54.8,81.55,0,1
2024-03-26 04:00,RK_Puram,46.2,46.896606,48.87811,46.2,94.5,0,1
2024-03-26 05:00,RK_Puram,40.6,42.830326,46.473095,40.6,95.55,0,1
2024-03-26 06:00,RK_Puram,34.2,41.370968,42.57755,34.2,98.0,0,1
2024-03-26 07:00,RK_Puram,32.7,39.116558,43.08918,32.7,112.0,0,0
2024-03-26 08:00,RK_Puram,32.9,42.47934,45.46457,32.9,78.4,0,0
2024-03-26 09:00,RK_Puram,34.8,54.1235,53.952618,34.8,74.9,0,0
2024-03-26 10:00,RK_Puram,35.9,69.32451,66.25776,35.9,86.45,0,0
2024-03-26 11:00,RK_Puram,43.2,74.31222,73.91438,43.2,94.5,0,0
2024-03-26 12:00,RK_Puram,51.8,75.80516,75.625175,51.8,103.95,0,0
2024-03-26 13:00,RK_Puram,62.9,72.298775,77.23685,62.9,117.25,0,0
2024-03-26 14:00,RK_Puram,65.9,75.269775,78.21473,65.9,131.6,0,0
2024-03-26 15:00,RK_Puram,63.8,76.22375,81.43542,63.8,134.05,0,0
2024-03-26 16:00,RK_Puram,67.5,77.04093,78.935524,67.5,138.25,0,0
2024-03-26 17:00,RK_Puram,67.3,70.98442,78.55818,67.3,130.20000000000002,0,0
2024-03-26 18:00,RK_Puram,65.7,89.74307,88.39341,65.7,69.3,0,0
2024-03-26 19:00,RK_Puram,64.7,82.82944,79.039795,64.7,80.85000000000001,0,0
2024-03-26 20:00,RK_Puram,64.7,75.51185,67.555176,64.7,87.5,0,0
2024-03-26 21:00,RK_Puram,64.7,59.780533,53.308754,64.7,73.5,0,1
2024-03-26 22:00,RK_Puram,64.5,55.150314,53.859367,64.5,81.89999999999999,0,1
2024-03-26 23:00,RK_Puram,75.2,53.793026,52.1353,75.2,72.10000000000001,0,1
2024-03-27 00:00,RK_Puram,77.8,50.724144,49.778477,77.8,133.0,0,1
2024-03-27 01:00,RK_Puram,88.5,50.233936,54.607307,88.5,81.55,0,1
2024-03-27 02:00,RK_Puram,83.8,54.331047,56.991493,83.8,80.85000000000001,0,1
2024-03-27 03:00,RK_Puram,72.9,56.14364,56.60752,72.9,71.4,0,1
2024-03-27 04:00,RK_Puram,63.1,57.444878,57.885483,63.1,70.35,0,1
2024-03-27 05:00,RK_Puram,55.6,54.318176,54.32582,55.6,49.349999999999994,1,1
2024-03-27 06:00,RK_Puram,42.3,52.08775,49.581142,42.3,130.9,0,1
2024-03-27 07:00,RK_Puram,36.8,50.72978,44.613056,36.8,74.9,0,0
2024-03-27 08:00,RK_Puram,37.1,52.565575,49.027668,37.1,52.5,0,0
2024-03-27 09:00,RK_Puram,39.0,68.60211,73.18336,39.0,18.900000000000002,1,0
2024-03-27 10:00,RK_Puram,40.6,69.475174,67.97816,40.6,25.55,1,0
2024-03-27 11:00,RK_Puram,42.7,83.91378,79.905525,42.7,14.35,1,0
2024-03-27 12:00,RK_Puram,54.9,79.002815,76.22704,54.9,17.85,1,0
2024-03-27 13:00,RK_Puram,66.8,81.89788,76.647865,66.8,64.4,0,0
2024-03-27 14:00,RK_Puram,77.5,82.72279,83.028,77.5,87.5,0,0
2024-03-27 15:00,RK_Puram,84.1,73.897964,77.74797,84.1,121.45,0,0
2024-03-27 16:00,RK_Puram,84.5,80.59427,74.79366,84.5,133.0,0,0
2024-03-27 17:00,RK_Puram,79.9,75.87195,75.607994,79.9,122.15,0,0
2024-03-27 18:00,RK_Puram,69.4,85.657745,82.34504,69.4,65.10000000000001,0,0
2024-03-27 19:00,RK_Puram,62.4,84.47827,75.01876,62.4,87.85,0,0
2024-03-27 20:00,RK_Puram,56.1,70.931,62.37504,56.1,198.45,0,0
2024-03-27 21:00,RK_Puram,52.7,66.48103,67.16273,52.7,130.9,0,1
2024-03-27 22:00,RK_Puram,50.4,59.50227,63.99674,50.4,94.5,0,1
2024-03-27 23:00,RK_Puram,46.7,54.053825,52.15657,46.7,101.85000000000001,0,1
2024-03-28 00:00,RK_Puram,46.9,70.976776,72.88192,46.9,12.6,1,1
2024-03-28 01:00,RK_Puram,51.6,59.10321,54.980305,51.6,50.4,1,1
2024-03-28 02:00,RK_Puram,54.2,64.24358,60.77119,54.2,59.85,0,1
2024-03-28 03:00,RK_Puram,53.8,58.798096,59.64025,53.8,76.64999999999999,0,1
2024-03-28 04:00,RK_Puram,55.2,62.48038,62.569027,55.2,87.85,0,1
2024-03-28 05:00,RK_Puram,50.6,56.17167,59.23454,50.6,83.65,0,1
2024-03-28 06:00,RK_Puram,49.0,49.31159,54.519394,49.0,91.0,0,1
2024-03-28 07:00,RK_Puram,44.8,44.756275,47.920208,44.8,122.85,0,0
2024-03-28 08:00,RK_Puram,38.5,52.881508,53.256855,38.5,89.60000000000001,0,0
2024-03-28 09:00,RK_Puram,36.0,70.71362,63.750294,36.0,66.14999999999999,0,0
2024-03-28 10:00,RK_Puram,38.2,72.314606,65.685646,38.2,50.05,1,0
2024-03-28 11:00,RK_Puram,54.4,80.51018,72.301674,54.4,36.050000000000004,1,0
2024-03-28 12:00,RK_Puram,79.4,86.71021,79.965416,79.4,40.949999999999996,1,0
2024-03-28 13:00,RK_Puram,95.2,89.545044,87.076035,95.2,60.199999999999996,0,0
2024-03-28 14:00,RK_Puram,93.1,93.58072,91.18292,93.1,86.45,0,0
2024-03-28 15:00,RK_Puram,88.9,79.00915,80.38186,88.9,117.6,0,0
2024-03-28 16:00,RK_Puram,89.4,80.44108,76.60961,89.4,138.6,0,0
2024-03-28 17:00,RK_Puram,81.0,77.275635,76.21395,81.0,113.05,0,0
2024-03-28 18:00,RK_Puram,75.7,88.88293,87.77543,75.7,99.39999999999999,0,0
2024-03-28 19:00,RK_Puram,74.7,78.26846,79.551056,74.7,147.7,0,0
2024-03-28 20:00,RK_Puram,73.6,74.08675,75.15079,73.6,158.9,0,0
2024-03-28 21:00,RK_Puram,70.8,68.308495,68.74151,70.8,140.0,0,1
2024-03-28 22:00,RK_Puram,69.8,68.25295,74.19841,69.8,84.0,0,1
2024-03-28 23:00,RK_Puram,64.5,59.638947,61.890537,64.5,66.5,0,1
2024-03-29 00:00,RK_Puram,65.0,59.681843,57.80298,65.0,80.5,0,1
2024-03-29 01:00,RK_Puram,71.2,56.364395,58.18232,71.2,81.55,0,1
2024-03-29 02:00,RK_Puram,76.8,68.65494,67.92852,76.8,70.0,0,1
2024-03-29 03:00,RK_Puram,76.6,70.93436,63.277523,76.6,67.2,0,1
2024-03-29 04:00,RK_Puram,72.4,72.29462,63.807602,72.4,47.6,1,1
2024-03-29 05:00,RK_Puram,68.7,56.007153,55.279808,68.7,42.699999999999996,1,1
2024-03-29 06:00,RK_Puram,61.2,63.86159,57.70316,61.2,61.95,0,1
2024-03-29 07:00,RK_Puram,55.4,62.39027,51.594654,55.4,43.75,1,0
2024-03-29 08:00,RK_Puram,53.2,56.892693,47.641502,53.2,46.2,1,0
2024-03-29 09:00,RK_Puram,49.0,59.53234,52.558495,49.0,84.35000000000001,0,0
2024-03-29 10:00,RK_Puram,50.1,57.98549,53.63984,50.1,86.1,0,0
2024-03-29 11:00,RK_Puram,45.2,75.79138,70.05722,45.2,81.55,0,0
2024-03-29 12:00,RK_Puram,61.0,80.85893,71.76573,61.0,70.7,0,0
2024-03-29 13:00,RK_Puram,72.6,75.702484,77.87197,72.6,77.7,0,0
2024-03-29 14:00,RK_Puram,72.6,76.78865,76.579216,72.6,77.35,0,0
2024-03-29 15:00,RK_Puram,74.7,72.89087,69.37886,74.7,151.55,0,0
2024-03-29 16:00,RK_Puram,77.5,89.70284,85.65033,77.5,61.25,0,0
2024-03-29 17:00,RK_Puram,73.8,79.38946,72.16111,73.8,188.29999999999998,0,0
2024-03-29 18:00,RK_Puram,68.2,83.71501,80.9436,68.2,44.45,1,0
2024-03-29 19:00,RK_Puram,64.7,85.93604,88.125595,64.7,28.7,1,0
2024-03-29 20:00,RK_Puram,64.5,77.868095,77.2461,64.5,70.7,0,0
2024-03-29 21:00,RK_Puram,70.3,76.01919,72.32998,70.3,151.20000000000002,0,1
2024-03-29 22:00,RK_Puram,71.0,76.13943,72.26572,71.0,137.9,0,1
2024-03-29 23:00,RK_Puram,75.0,67.3221,65.046005,75.0,144.20000000000002,0,1
2024-03-30 00:00,RK_Puram,70.8,62.711193,61.985153,70.8,129.85,0,1
2024-03-30 01:00,RK_Puram,70.1,67.271965,61.982502,70.1,134.05,0,1
2024-03-30 02:00,RK_Puram,65.2,69.043396,65.75902,65.2,126.35,0,1
2024-03-30 03:00,RK_Puram,51.8,68.61737,66.21656,51.8,103.95,0,1
2024-03-30 04:00,RK_Puram,43.9,69.3278,65.29838,43.9,105.0,0,1
2024-03-30 05:00,RK_Puram,44.7,62.604053,61.863903,44.7,105.0,0,1
2024-03-30 06:00,RK_Puram,49.9,57.095165,51.883213,49.9,186.20000000000002,0,1
2024-03-30 07:00,RK_Puram,47.3,52.37157,47.617214,47.3,177.8,0,0
2024-03-30 08:00,RK_Puram,38.8,56.60333,49.113197,38.8,130.20000000000002,0,0
2024-03-30 09:00,RK_Puram,37.8,75.60003,60.795113,37.8,179.20000000000002,0,0
2024-03-30 10:00,RK_Puram,38.0,70.53423,61.307117,38.0,156.45,0,0
2024-03-30 11:00,RK_Puram,37.6,71.58379,71.9826,37.6,79.8,0,0
2024-03-30 12:00,RK_Puram,50.9,87.697845,79.97684,50.9,36.4,1,0
2024-03-30 13:00,RK_Puram,58.4,90.37421,84.52797,58.4,52.15,1,0
2024-03-30 14:00,RK_Puram,59.5,89.41324,88.51885,59.5,101.15,0,0
2024-03-30 15:00,RK_Puram,55.5,79.424286,77.17742,55.5,182.0,0,0
2024-03-30 16:00,RK_Puram,56.6,79.2894,75.83399,56.6,146.29999999999998,0,0
2024-03-30 17:00,RK_Puram,55.6,77.604126,77.99608,55.6,116.89999999999999,0,0
2024-03-30 18:00,RK_Puram,54.8,75.8075,68.656715,54.8,140.0,0,0
2024-03-30 19:00,RK_Puram,55.4,77.40782,74.34347,55.4,114.1,0,0
2024-03-30 20:00,RK_Puram,59.0,67.17519,62.68022,59.0,120.75,0,0
2024-03-30 21:00,RK_Puram,63.3,56.301456,59.093,63.3,105.0,0,1
2024-03-30 22:00,RK_Puram,64.7,55.82023,59.27424,64.7,83.65,0,1
2024-03-30 23:00,RK_Puram,64.3,51.318684,55.427845,64.3,88.2,0,1
2024-03-31 00:00,RK_Puram,59.8,50.637432,54.69035,59.8,83.3,0,1
2024-03-31 01:00,RK_Puram,90.3,47.208477,55.52499,90.3,80.85000000000001,0,1
2024-03-31 02:00,RK_Puram,97.1,63.015957,58.336758,97.1,59.5,0,1
2024-03-31 03:00,RK_Puram,89.9,52.7828,55.16872,89.9,84.7,0,1
2024-03-31 04:00,RK_Puram,68.0,57.33704,56.15168,68.0,56.35,0,1
2024-03-31 05:00,RK_Puram,56.8,51.982502,56.211533,56.8,63.0,0,1
2024-03-31 06:00,RK_Puram,49.8,47.063618,52.210583,49.8,102.89999999999999,0,1
2024-03-31 07:00,RK_Puram,42.3,45.99925,58.35807,42.3,98.69999999999999,0,0
2024-03-31 08:00,RK_Puram,35.7,55.93562,56.69753,35.7,99.05,0,0
2024-03-31 09:00,RK_Puram,34.8,70.74512,69.21019,34.8,105.7,0,0
2024-03-31 10:00,RK_Puram,36.7,71.16154,66.77619,36.7,86.8,0,0
2024-03-31 11:00,RK_Puram,48.8,80.012505,70.13836,48.8,94.14999999999999,0,0
2024-03-31 12:00,RK_Puram,52.5,80.0178,72.0813,52.5,114.8,0,0
2024-03-31 13:00,RK_Puram,57.5,70.04949,69.27531,57.5,155.4,0,0
2024-03-31 14:00,RK_Puram,60.5,73.2832,69.49668,60.5,168.35,0,0
2024-03-31 15:00,RK_Puram,61.9,74.1358,73.499214,61.9,191.45,0,0
2024-03-31 16:00,RK_Puram,63.1,72.27659,65.547005,63.1,208.25,0,0
2024-03-31 17:00,RK_Puram,65.4,71.639336,70.15331,65.4,183.75,0,0
2024-03-31 18:00,RK_Puram,67.3,75.906425,73.45722,67.3,104.3,0,0
2024-03-31 19:00,RK_Puram,69.4,73.03572,70.78433,69.4,109.55,0,0
2024-03-31 20:00,RK_Puram,68.9,63.28709,60.810886,68.9,136.85,0,0
2024-03-31 21:00,RK_Puram,66.8,52.716976,52.30855,66.8,152.95000000000002,0,1
2024-03-31 22:00,RK_Puram,65.0,47.870506,46.45291,65.0,157.85,0,1
2024-03-31 23:00,RK_Puram,60.5,47.835125,49.69224,60.5,123.55,0,1
2024-04-01 00:00,RK_Puram,58.4,47.44112,47.884686,58.4,108.5,0,1
2024-04-01 01:00,RK_Puram,63.1,48.30021,49.97704,63.1,98.69999999999999,0,1
2024-04-01 02:00,RK_Puram,59.0,50.341637,53.929058,59.0,94.5,0,1
2024-04-01 03:00,RK_Puram,55.9,50.25398,55.115387,55.9,84.7,0,1
2024-04-01 04:00,RK_Puram,42.0,52.582844,54.514896,42.0,92.05,0,1
2024-04-01 05:00,RK_Puram,33.9,49.521477,53.56611,33.9,108.5,0,1
2024-04-01 06:00,RK_Puram,34.3,49.56598,51.922146,34.3,106.4,0,1
2024-04-01 07:00,RK_Puram,35.3,48.632294,48.883472,35.3,119.0,0,0
2024-04-01 08:00,RK_Puram,37.6,50.10887,50.713356,37.6,133.7,0,0
2024-04-01 09:00,RK_Puram,41.1,54.096188,51.21813,41.1,142.8,0,0
2024-04-01 10:00,RK_Puram,44.1,76.52994,63.82283,44.1,147.7,0,0
2024-04-01 11:00,RK_Puram,51.8,76.79143,69.01496,51.8,160.65,0,0
2024-04-01 12:00,RK_Puram,53.9,75.39899,71.75078,53.9,172.2,0,0
2024-04-01 13:00,RK_Puram,56.3,73.56939,72.73989,56.3,184.8,0,0
2024-04-01 14:00,RK_Puram,56.5,73.609955,71.64084,56.5,197.39999999999998,0,0
2024-04-01 15:00,RK_Puram,56.7,71.800354,71.516304,56.7,202.3,0,0
2024-04-01 16:00,RK_Puram,56.3,67.91228,70.71112,56.3,197.39999999999998,0,0
2024-04-01 17:00,RK_Puram,54.6,69.52319,70.66815,54.6,186.20000000000002,0,0
